City_ID,City,Country,Date,Lat,Lng,Max Temp,Humidity,Cloudiness,Wind Speed
0,Tasiilaq,GL,2021-11-01 01:03:11,65.6145,-37.6368,23.16,58,9,8.23
1,Mar Del Plata,AR,2021-11-01 00:58:50,-38.0023,-57.5575,55.09,90,90,5.01
2,Vaini,TO,2021-11-01 01:01:21,-21.2,-175.2,75.49,78,93,16.31
3,Rikitea,PF,2021-11-01 01:02:06,-23.1203,-134.9692,73.08,78,100,17.69
4,Busselton,AU,2021-11-01 00:58:31,-33.65,115.3333,60.04,62,94,18.41
5,Hithadhoo,MV,2021-11-01 00:59:08,-0.6,73.0833,81.81,77,100,19.64
6,Butaritari,KI,2021-11-01 00:58:32,3.0707,172.7902,81.81,76,1,11.54
7,Krasnooktyabrskiy,RU,2021-11-01 01:03:15,44.9328,38.3712,45.09,73,100,4.14
8,Lagoa,PT,2021-11-01 01:03:16,39.05,-27.9833,68.16,92,100,9.4
9,Te Anau,NZ,2021-11-01 01:03:17,-45.4167,167.7167,54.48,69,100,7.74
10,Longyearbyen,SJ,2021-11-01 01:03:10,78.2186,15.6401,33.64,69,40,20.71
11,Viedma,AR,2021-11-01 01:03:18,-40.8135,-62.9967,50.43,74,100,7.74
12,Chenzhou,CN,2021-11-01 01:03:19,25.8,113.0333,59.81,98,100,2.13
13,Qiongshan,CN,2021-11-01 01:03:20,20.0058,110.3542,77.56,86,14,10.78
14,Oksfjord,NO,2021-11-01 01:03:21,70.2396,22.3479,38.32,91,86,12.08
15,Airai,TL,2021-11-01 01:02:44,-8.9266,125.4092,73.96,47,55,2.13
16,Puerto Ayora,EC,2021-11-01 00:58:41,-0.7393,-90.3518,69.6,90,44,7.31
17,Katsuura,JP,2021-11-01 01:03:22,35.1333,140.3,68.18,83,100,6.42
18,Sibolga,ID,2021-11-01 00:58:56,1.7427,98.7792,77.83,85,100,0.13
19,Hermanus,ZA,2021-11-01 01:03:24,-34.4187,19.2345,60.91,81,100,10.8
20,Faanui,PF,2021-11-01 01:03:24,-16.4833,-151.75,78.76,74,95,17.05
21,Mahebourg,MU,2021-11-01 01:03:26,-20.4081,57.7,70.25,88,40,3.44
22,Chapais,CA,2021-11-01 00:59:23,49.7834,-74.8492,40.78,99,100,1.77
23,Chokurdakh,RU,2021-11-01 01:03:27,70.6333,147.9167,-10.77,100,87,6.6
24,Hilo,US,2021-11-01 00:59:16,19.7297,-155.09,81.25,88,23,1.99
25,Ponta Do Sol,PT,2021-11-01 01:03:28,32.6667,-17.1,72.23,75,60,3.13
26,Venezuela,VE,2021-11-01 01:03:29,8.0,-66.0,78.66,81,100,6.13
27,Ushuaia,AR,2021-11-01 01:03:30,-54.8,-68.3,46.06,76,0,9.22
28,Urmary,RU,2021-11-01 01:03:30,55.6789,47.944,35.58,85,15,11.68
29,Lebu,CL,2021-11-01 01:03:32,-37.6167,-73.65,50.92,93,17,5.99
30,Narsaq,GL,2021-11-01 01:03:32,60.9167,-46.05,25.02,65,27,7.31
31,Olinda,BR,2021-11-01 01:00:03,-8.0089,-34.8553,80.33,74,40,6.91
32,Pimentel,PE,2021-11-01 01:00:42,-6.8367,-79.9342,63.86,83,2,13.8
33,Kodiak,US,2021-11-01 01:02:17,57.79,-152.4072,42.28,90,100,8.63
34,San Patricio,US,2021-11-01 01:03:35,28.017,-97.5169,76.84,58,0,9.28
35,Carnarvon,AU,2021-11-01 01:03:36,-24.8667,113.6333,71.67,60,75,18.41
36,Albury,AU,2021-11-01 01:03:38,-36.0833,146.9167,72.14,57,100,6.91
37,Atchison,US,2021-11-01 01:03:38,39.563,-95.1216,48.72,65,99,7.4
38,Arraial Do Cabo,BR,2021-11-01 01:03:39,-22.9661,-42.0278,70.05,94,100,21.59
39,Bluff,NZ,2021-11-01 01:03:40,-46.6,168.3333,54.3,75,100,29.24
40,Kaitangata,NZ,2021-11-01 01:03:41,-46.2817,169.8464,64.24,43,84,11.01
41,Tiarei,PF,2021-11-01 01:04:41,-17.5333,-149.3333,84.22,73,36,15.52
42,Coxim,BR,2021-11-01 01:04:42,-18.5067,-54.76,77.63,81,0,4.59
43,Nyurba,RU,2021-11-01 01:04:39,63.2842,118.3319,16.12,85,100,6.73
44,Ust-Ilimsk,RU,2021-11-01 01:04:43,58.0006,102.6619,29.89,92,100,3.76
45,East London,ZA,2021-11-01 01:00:33,-33.0153,27.9116,64.98,83,100,13.78
46,Abu Samrah,SY,2021-11-01 01:04:45,35.3029,37.1841,65.57,59,3,8.37
47,Vila Franca Do Campo,PT,2021-11-01 01:00:52,37.7167,-25.4333,73.2,94,99,8.21
48,Omboue,GA,2021-11-01 01:04:46,-1.5746,9.2618,75.92,92,100,8.03
49,Cape Town,ZA,2021-11-01 01:03:26,-33.9258,18.4232,64.09,72,100,1.01
50,Kapaa,US,2021-11-01 01:04:48,22.0752,-159.319,82.38,78,90,1.99
51,Chuy,UY,2021-11-01 01:04:48,-33.6971,-53.4616,63.7,97,95,8.01
52,Norman Wells,CA,2021-11-01 01:04:49,65.282,-126.8329,18.64,90,100,4.99
53,Kaka,TM,2021-11-01 01:04:50,37.3482,59.6143,49.75,52,6,5.73
54,Vardo,NO,2021-11-01 01:00:26,70.3705,31.1107,37.9,75,94,23.31
55,Mataura,NZ,2021-11-01 01:02:28,-46.1927,168.8643,61.63,49,100,10.96
56,Avarua,CK,2021-11-01 01:04:51,-21.2078,-159.775,77.05,69,75,14.97
57,Nanortalik,GL,2021-11-01 00:59:58,60.1432,-45.2371,33.85,68,92,9.78
58,Castro,BR,2021-11-01 01:04:53,-24.7911,-50.0119,58.69,98,97,6.85
59,Isangel,VU,2021-11-01 01:04:52,-19.55,169.2667,77.99,71,98,11.61
60,Henties Bay,NA,2021-11-01 01:01:13,-22.116,14.2845,60.85,92,0,6.4
61,Saint-Philippe,RE,2021-11-01 01:04:55,-21.3585,55.7679,68.22,86,74,11.05
62,Port Alfred,ZA,2021-11-01 01:04:56,-33.5906,26.891,66.06,81,100,15.08
63,Rio Grande,BR,2021-11-01 01:00:50,-32.035,-52.0986,71.94,89,0,17.09
64,Mount Gambier,AU,2021-11-01 01:01:04,-37.8333,140.7667,67.55,44,5,1.81
65,Bredasdorp,ZA,2021-11-01 01:01:44,-34.5322,20.0403,60.28,73,100,10.49
66,Labrea,BR,2021-11-01 01:04:58,-7.2586,-64.7981,79.21,73,94,2.62
67,Enumclaw,US,2021-11-01 01:00:53,47.2043,-121.9915,52.83,73,6,4.68
68,Plettenberg Bay,ZA,2021-11-01 01:04:59,-34.0527,23.3716,61.74,88,57,12.71
69,Price,US,2021-11-01 01:05:00,39.5994,-110.8107,54.66,50,90,4.61
70,Kruisfontein,ZA,2021-11-01 01:03:26,-34.0033,24.7314,61.88,84,100,11.81
71,Thompson,CA,2021-11-01 01:04:34,55.7435,-97.8558,29.12,74,100,7.18
72,Kavieng,PG,2021-11-01 01:05:02,-2.5744,150.7967,85.95,63,46,14.9
73,Murray Bridge,AU,2021-11-01 01:05:03,-35.1167,139.2667,80.85,17,0,11.03
74,Coquimbo,CL,2021-11-01 01:00:39,-29.9533,-71.3436,58.66,81,100,1.59
75,Kikwit,CD,2021-11-01 01:05:04,-5.041,18.8162,68.65,99,100,0.45
76,Khatanga,RU,2021-11-01 01:05:05,71.9667,102.5,5.4,96,100,11.9
77,Punta Arenas,CL,2021-11-01 01:05:07,-53.15,-70.9167,50.11,53,0,8.05
78,New Norfolk,AU,2021-11-01 01:05:07,-42.7826,147.0587,63.66,50,100,3.0
79,Liseleje,DK,2021-11-01 01:05:08,56.0053,11.9483,57.02,88,100,3.0
80,Kupang,ID,2021-11-01 01:05:09,-10.1667,123.5833,88.38,62,20,4.61
81,Arona,ES,2021-11-01 01:05:09,28.0996,-16.681,66.7,63,0,9.22
82,Snasa,NO,2021-11-01 01:05:10,64.2457,12.3778,42.37,83,100,6.53
83,Nuuk,GL,2021-11-01 01:03:07,64.1835,-51.7216,36.21,87,90,23.02
84,Khani,GE,2021-11-01 01:05:12,41.9563,42.9566,54.97,74,100,6.89
85,Barrow,US,2021-11-01 01:04:49,71.2906,-156.7887,24.82,80,1,14.97
86,Hami,CN,2021-11-01 01:05:13,42.8,93.45,48.6,49,100,2.08
87,Port Elizabeth,ZA,2021-11-01 01:05:29,-33.918,25.5701,64.09,100,75,18.41
88,Mikhaylovskoye,RU,2021-11-01 01:06:15,51.8239,79.7172,28.13,77,100,9.44
89,Coihaique,CL,2021-11-01 01:01:30,-45.5752,-72.0662,50.49,68,70,1.92
90,Arti,RU,2021-11-01 01:06:16,56.4234,58.5328,42.1,95,100,10.98
91,Dolores,AR,2021-11-01 01:06:17,-36.3132,-57.6792,53.82,81,100,8.48
92,Erdenet,MN,2021-11-01 01:01:48,49.0333,104.0833,30.87,55,100,4.83
93,Awjilah,LY,2021-11-01 01:06:18,29.1081,21.2869,65.16,85,42,7.52
94,Sao Filipe,CV,2021-11-01 01:06:19,14.8961,-24.4956,79.39,78,99,6.46
95,Victoria,HK,2021-11-01 01:02:22,22.2855,114.1577,78.04,81,37,11.01
96,Kemijarvi,FI,2021-11-01 01:06:20,66.7131,27.4306,35.26,98,100,7.9
97,Dharchula,IN,2021-11-01 01:06:21,29.85,80.5333,52.36,47,0,5.88
98,Shiyan,CN,2021-11-01 01:06:22,32.6475,110.7781,58.84,69,100,7.81
99,Salinas,US,2021-11-01 01:04:32,36.6777,-121.6555,63.86,68,1,6.91
100,Eureka,US,2021-11-01 01:06:23,40.8021,-124.1637,61.63,75,100,1.01
101,Tuatapere,NZ,2021-11-01 01:02:57,-46.1333,167.6833,55.31,70,97,10.65
102,Waipawa,NZ,2021-11-01 01:03:18,-41.4122,175.5153,61.93,68,78,3.24
103,Atuona,PF,2021-11-01 01:06:25,-9.8,-139.0333,78.66,73,0,17.36
104,Kibala,TD,2021-11-01 01:06:26,9.1104,18.3463,76.26,55,98,2.77
105,Albany,US,2021-11-01 00:58:53,42.6001,-73.9662,55.74,80,100,10.38
106,Villablino,ES,2021-11-01 01:06:27,42.9393,-6.3194,50.99,93,100,6.2
107,Urucara,BR,2021-11-01 01:06:28,-2.5364,-57.76,76.84,82,21,2.59
108,Shu,KZ,2021-11-01 01:06:29,43.5983,73.7614,40.24,67,82,2.73
109,Bambous Virieux,MU,2021-11-01 01:03:58,-20.3428,57.7575,70.21,88,40,3.44
110,Fortuna,US,2021-11-01 01:04:07,40.5982,-124.1573,61.36,68,90,1.01
111,Ballitoville,ZA,2021-11-01 01:06:30,-29.539,31.2144,65.25,85,28,6.13
112,Luderitz,NA,2021-11-01 01:06:31,-26.6481,15.1594,61.61,69,100,7.49
113,Broome,US,2021-11-01 01:06:32,42.2506,-75.833,54.01,78,40,4.0
114,Lang Son,VN,2021-11-01 01:06:32,21.8333,106.7333,64.02,97,100,4.94
115,Cherskiy,RU,2021-11-01 01:06:33,68.75,161.3,-0.06,97,100,5.79
116,Port-Gentil,GA,2021-11-01 01:05:27,-0.7193,8.7815,78.3,87,100,15.32
117,Anadyr,RU,2021-11-01 01:06:36,64.75,177.4833,-5.01,76,66,15.01
118,Bose,IT,2021-11-01 01:06:36,45.4612,8.0137,49.73,97,100,0.67
119,Dumas,US,2021-11-01 01:06:37,35.8656,-101.9732,51.66,43,1,10.36
120,Llanes,ES,2021-11-01 01:06:38,43.4198,-4.7549,58.89,86,100,20.2
121,Vinzili,RU,2021-11-01 01:06:38,56.9594,65.7708,37.71,95,100,8.46
122,Villazon,BO,2021-11-01 01:06:39,-22.0866,-65.5942,52.16,64,3,7.7
123,Garowe,SO,2021-11-01 01:06:40,8.4054,48.4845,71.98,73,87,9.4
124,Upernavik,GL,2021-11-01 01:06:41,72.7868,-56.1549,29.25,77,100,13.38
125,Waw,SS,2021-11-01 01:06:41,7.7029,27.9953,73.74,82,32,3.47
126,Portland,US,2021-11-01 01:05:34,45.5234,-122.6762,58.44,43,20,1.99
127,Quepos,CR,2021-11-01 01:06:43,9.4236,-84.1652,82.53,90,100,2.01
128,Yellowknife,CA,2021-11-01 01:06:43,62.456,-114.3525,32.56,99,16,13.0
129,Mandalgovi,MN,2021-11-01 01:06:44,45.7625,106.2708,33.82,49,100,13.85
130,Mizdah,LY,2021-11-01 01:06:45,31.4451,12.9801,66.52,35,8,11.34
131,College,US,2021-11-01 01:06:46,64.8569,-147.8028,51.46,49,75,4.61
132,Sao Jose Da Coroa Grande,BR,2021-11-01 01:07:46,-8.8978,-35.1478,77.02,83,29,8.41
133,Bandarbeyla,SO,2021-11-01 01:07:47,9.4942,50.8122,77.7,77,88,10.67
134,Evensk,RU,2021-11-01 01:07:48,61.95,159.2333,3.2,75,26,8.75
135,Tierralta,CO,2021-11-01 01:07:49,8.1736,-76.0592,75.42,91,37,3.13
136,Hobart,AU,2021-11-01 01:07:50,-42.8794,147.3294,64.02,55,75,5.99
137,Yulara,AU,2021-11-01 01:07:51,-25.2406,130.9889,78.93,44,0,7.85
138,Coyah,GN,2021-11-01 01:07:51,9.75,-13.4167,73.44,90,100,1.28
139,Dong Hoi,VN,2021-11-01 01:07:52,17.4833,106.6,77.32,88,73,4.43
140,Karratha,AU,2021-11-01 01:07:53,-20.7377,116.8463,77.56,53,6,9.69
141,Jamestown,US,2021-11-01 01:07:53,42.097,-79.2353,51.51,85,90,8.01
142,Broken Hill,AU,2021-11-01 01:07:54,-31.95,141.4333,74.73,17,63,13.15
143,Fort Walton Beach,US,2021-11-01 01:04:02,30.4058,-86.6188,64.42,79,1,0.0
144,Lardos,GR,2021-11-01 01:07:55,36.0942,28.0157,64.22,79,100,9.35
145,Dikson,RU,2021-11-01 01:07:56,73.5069,80.5464,5.72,94,97,11.14
146,Hamza,UZ,2021-11-01 01:07:57,40.4264,71.4956,43.25,63,7,1.16
147,Rach Gia,VN,2021-11-01 01:06:01,10.0167,105.0833,80.69,84,13,9.91
148,Aldan,RU,2021-11-01 01:07:58,58.6031,125.3894,23.68,87,94,4.74
149,Paamiut,GL,2021-11-01 01:07:59,61.994,-49.6678,31.53,72,99,8.14
150,Camacha,PT,2021-11-01 01:07:59,33.0833,-16.3333,69.22,88,40,9.22
151,Kailua,US,2021-11-01 01:08:00,21.4022,-157.7394,83.61,69,75,8.05
152,Ilulissat,GL,2021-11-01 01:08:01,69.2167,-51.1,32.02,93,75,14.97
153,Antofagasta,CL,2021-11-01 01:06:03,-23.65,-70.4,61.88,74,24,3.31
154,Tual,ID,2021-11-01 01:08:02,-5.6667,132.75,84.24,70,72,5.7
155,Makokou,GA,2021-11-01 01:08:03,0.5738,12.8642,69.31,99,100,2.73
156,Hambantota,LK,2021-11-01 01:08:04,6.1241,81.1185,75.54,100,40,0.0
157,Sao Joao Da Barra,BR,2021-11-01 01:04:19,-21.6403,-41.0511,70.9,94,100,19.24
158,Kahului,US,2021-11-01 01:03:07,20.8947,-156.47,85.26,66,40,10.36
159,Ancud,CL,2021-11-01 01:08:06,-41.8697,-73.8203,58.53,82,0,7.78
160,Srednekolymsk,RU,2021-11-01 01:03:22,67.45,153.6833,-4.79,96,35,5.12
161,Sabzevar,IR,2021-11-01 01:08:07,36.2126,57.6819,52.65,40,36,7.11
162,Huruta,ET,2021-11-01 01:08:08,8.15,39.35,53.31,88,32,6.42
163,Tonota,BW,2021-11-01 01:08:09,-21.4833,27.4833,67.46,66,0,10.49
164,Laguna,US,2021-11-01 01:03:11,38.421,-121.4238,66.06,63,1,1.01
165,Hovd,MN,2021-11-01 01:08:10,48.0056,91.6419,34.03,31,1,17.02
166,Qaanaaq,GL,2021-11-01 01:03:33,77.484,-69.3632,16.7,71,100,8.72
167,Kajaani,FI,2021-11-01 01:08:12,64.2273,27.7285,42.85,100,90,5.75
168,Longhua,CN,2021-11-01 01:08:13,23.6137,114.1919,73.42,73,97,2.33
169,Whitehorse,CA,2021-11-01 01:03:49,60.7161,-135.0538,35.02,59,100,15.01
170,Ust-Nera,RU,2021-11-01 01:08:14,64.5667,143.2,-11.38,98,91,5.95
171,Carndonagh,IE,2021-11-01 01:08:15,55.25,-7.2667,49.35,92,100,24.02
172,Bandar-E Lengeh,IR,2021-11-01 01:07:17,26.5579,54.8807,84.06,38,0,5.59
173,Kuusamo,FI,2021-11-01 01:08:16,65.9667,29.1833,35.64,100,90,8.05
174,Gasa,PS,2021-11-01 01:08:17,31.5,34.4667,79.18,47,100,11.45
175,Edd,ER,2021-11-01 01:08:18,13.9297,41.6925,84.69,57,34,14.65
176,Half Moon Bay,US,2021-11-01 01:08:18,37.4636,-122.4286,64.24,76,1,1.01
177,Katherine,AU,2021-11-01 01:08:19,-14.4667,132.2667,86.32,39,96,9.22
178,Zhaotong,CN,2021-11-01 01:09:20,27.3167,103.7167,45.09,96,100,3.38
179,Carutapera,BR,2021-11-01 01:09:21,-1.195,-46.02,77.63,88,88,6.8
180,Kayes,ML,2021-11-01 01:09:21,14.0,-11.0,83.32,44,17,2.89
181,Banjar,ID,2021-11-01 01:04:38,-8.19,114.9675,82.26,72,100,1.63
182,Naze,JP,2021-11-01 01:09:22,28.3667,129.4833,67.12,75,17,15.41
183,Vanimo,PG,2021-11-01 01:05:30,-2.6741,141.3028,82.42,79,99,2.1
184,Tuim,RU,2021-11-01 01:09:24,54.3417,89.9261,27.45,68,100,19.22
185,Carauari,BR,2021-11-01 01:05:09,-4.8828,-66.8958,75.49,94,51,1.21
186,Lavrentiya,RU,2021-11-01 01:09:25,65.5833,-171.0,13.46,78,100,10.2
187,Noumea,NC,2021-11-01 01:09:26,-22.2763,166.4572,78.01,99,67,9.06
188,Mbandaka,CD,2021-11-01 01:09:26,0.0487,18.2603,69.37,96,100,2.8
189,Nikolskoye,RU,2021-11-01 01:09:27,59.7035,30.7861,48.02,88,98,6.8
190,La Mana,EC,2021-11-01 01:09:28,-0.9333,-79.2167,83.89,88,99,2.84
191,Jiaohe,CN,2021-11-01 01:09:29,43.7286,127.3447,40.28,67,100,3.0
192,Galesong,ID,2021-11-01 01:09:29,-5.3166,119.3661,84.22,67,93,4.21
193,Tonj,SS,2021-11-01 01:09:30,7.2737,28.6822,71.85,79,94,2.53
194,Kangaatsiaq,GL,2021-11-01 01:09:31,68.3065,-53.4641,35.44,79,100,20.07
195,Hualmay,PE,2021-11-01 01:09:31,-11.0964,-77.6139,64.36,82,8,7.52
196,Ponta Delgada,PT,2021-11-01 01:04:36,37.7333,-25.6667,73.51,100,75,8.05
197,Kroya,ID,2021-11-01 01:09:33,-7.6331,109.2461,80.44,82,99,3.13
198,Mali,GN,2021-11-01 01:09:33,12.079,-12.2982,61.88,74,77,3.06
199,Provideniya,RU,2021-11-01 01:09:34,64.3833,-173.3,19.51,58,0,15.66
200,Talnakh,RU,2021-11-01 01:09:35,69.4865,88.3972,-13.2,98,81,4.65
201,Prieska,ZA,2021-11-01 01:09:36,-29.6641,22.7474,71.26,28,52,4.25
202,Mackay,AU,2021-11-01 01:06:17,-21.15,149.2,77.04,75,72,21.61
203,Nishihara,JP,2021-11-01 01:09:37,26.1842,127.7558,78.08,66,20,10.36
204,Aksu,CN,2021-11-01 01:09:38,41.1231,80.2644,42.31,33,0,3.38
205,Saint-Paul,RE,2021-11-01 01:09:39,-21.0096,55.2707,68.74,92,1,1.99
206,Vao,NC,2021-11-01 01:09:39,-22.6667,167.4833,72.07,75,34,14.9
207,Cabo San Lucas,MX,2021-11-01 01:07:27,22.8909,-109.9124,81.7,76,75,5.01
208,Bhadrachalam,IN,2021-11-01 01:09:41,17.6667,80.8833,71.92,90,88,2.04
209,Ribeira Grande,PT,2021-11-01 01:09:41,38.5167,-28.7,71.2,88,100,7.38
210,Big Spring,US,2021-11-01 01:07:16,32.2504,-101.4787,63.88,49,1,1.99
211,Geraldton,AU,2021-11-01 01:09:42,-28.7667,114.6,67.12,59,75,18.41
212,Nanakuli,US,2021-11-01 01:09:43,21.3906,-158.1547,83.57,65,20,9.22
213,Hay River,CA,2021-11-01 01:09:44,60.8156,-115.7999,33.98,56,99,12.95
214,Esperance,AU,2021-11-01 01:09:45,-33.8667,121.9,67.84,44,100,15.21
215,Tuktoyaktuk,CA,2021-11-01 01:09:45,69.4541,-133.0374,26.49,79,100,12.8
216,Key West,US,2021-11-01 01:09:46,24.5557,-81.7826,80.6,58,1,4.61
217,Grand Gaube,MU,2021-11-01 01:09:47,-20.0064,57.6608,70.38,81,0,3.0
218,Bonavista,CA,2021-11-01 01:09:47,48.6499,-53.1147,46.11,91,98,13.8
219,Saint George,US,2021-11-01 01:08:29,37.1041,-113.5841,72.95,35,1,1.01
220,Sand,DE,2021-11-01 01:09:49,50.0,10.6,49.75,88,100,4.27
221,Baykit,RU,2021-11-01 01:09:49,61.67,96.37,20.01,96,100,3.33
222,Nouadhibou,MR,2021-11-01 01:09:50,20.931,-17.0347,67.66,86,100,16.53
223,Birao,CF,2021-11-01 01:09:51,10.2849,22.7882,76.3,39,97,3.58
224,South Lake Tahoe,US,2021-11-01 01:09:52,38.9332,-119.9844,54.27,53,1,5.75
225,Lumberton,US,2021-11-01 01:09:52,34.6182,-79.0086,59.22,66,0,7.16
226,Alakurtti,RU,2021-11-01 01:09:53,66.9672,30.3491,34.63,97,100,11.5
227,Aberfeldy,GB,2021-11-01 01:10:54,56.62,-3.8645,43.68,96,100,3.06
228,Egvekinot,RU,2021-11-01 01:10:54,66.3167,-179.1667,-0.02,83,94,6.15
229,Marzuq,YE,2021-11-01 01:10:55,14.4,46.4667,66.04,60,5,2.93
230,Xuddur,SO,2021-11-01 01:10:56,4.1213,43.8894,71.58,80,0,14.76
231,Staryy Nadym,RU,2021-11-01 01:10:57,65.6118,72.6842,4.41,96,91,5.03
232,Clyde River,CA,2021-11-01 01:09:02,70.4692,-68.5914,19.15,85,100,7.43
233,Baryshivka,UA,2021-11-01 01:10:58,50.361,31.3217,40.95,72,0,7.14
234,Petropavlovsk-Kamchatskiy,RU,2021-11-01 01:10:58,53.0452,158.6483,32.59,47,40,6.71
235,Grao Mogol,BR,2021-11-01 01:10:59,-16.5594,-42.8897,66.61,84,99,2.51
236,Lompoc,US,2021-11-01 01:11:00,34.6391,-120.4579,64.54,79,1,8.05
237,Saskylakh,RU,2021-11-01 01:11:00,71.9167,114.0833,4.59,97,99,6.82
238,Xinqing,CN,2021-11-01 01:11:01,48.2333,129.5,34.34,25,6,1.07
239,Muscat,OM,2021-11-01 01:07:30,23.6139,58.5922,77.02,48,0,11.1
240,Georgetown,MY,2021-11-01 01:06:42,5.4112,100.3354,81.9,87,20,2.3
241,Noyabrsk,RU,2021-11-01 01:11:04,63.1994,75.4507,0.32,97,63,9.86
242,Bayeux,BR,2021-11-01 01:11:04,-7.125,-34.9322,79.43,78,20,5.75
243,La Romana,DO,2021-11-01 01:11:06,18.4273,-68.9728,78.53,94,20,0.0
244,Balgazyn,RU,2021-11-01 01:11:06,51.0,95.2,34.11,74,100,3.36
245,Nakamura,JP,2021-11-01 01:11:07,32.9833,132.9333,69.44,63,73,1.28
246,Bereda,ES,2021-11-01 01:11:08,43.2686,-7.5406,51.55,94,97,4.97
247,Mount Darwin,ZW,2021-11-01 01:11:08,-16.7725,31.5838,71.28,50,50,6.46
248,Lata,PT,2021-11-01 01:11:10,40.1629,-8.3327,62.92,97,100,3.76
249,Pevek,RU,2021-11-01 01:11:10,69.7008,170.3133,1.81,94,100,6.2
250,Raymondville,US,2021-11-01 01:11:11,26.4815,-97.7831,81.37,59,2,14.12
251,Muros,ES,2021-11-01 01:11:12,42.7762,-9.0603,58.15,94,58,11.59
252,Kaoma,ZM,2021-11-01 01:11:13,-14.7833,24.8,67.64,63,15,6.11
253,Quatre Cocos,MU,2021-11-01 01:11:13,-20.2078,57.7625,70.09,78,12,8.99
254,Tazovskiy,RU,2021-11-01 01:11:14,67.4667,78.7,-3.75,95,30,9.89
255,Nyrob,RU,2021-11-01 01:11:15,60.733,56.7202,35.83,98,100,6.46
256,Satana,IN,2021-11-01 01:11:16,20.5833,74.2,64.47,51,12,2.46
257,Rajgarh,IN,2021-11-01 01:11:16,28.6333,75.3833,70.18,28,0,8.95
258,Mangrol,IN,2021-11-01 01:11:17,21.1167,70.1167,74.26,40,6,7.63
259,Shitanjing,CN,2021-11-01 01:11:18,39.2342,106.3439,41.65,45,100,4.5
260,Manhush,UA,2021-11-01 01:11:18,47.0558,37.3107,46.53,25,0,13.13
261,Phangnga,TH,2021-11-01 01:11:19,8.4509,98.5298,81.91,87,78,4.18
262,Sola,VU,2021-11-01 01:11:20,-13.8833,167.55,80.87,74,16,14.25
263,Laurel,US,2021-11-01 01:04:31,39.0993,-76.8483,58.64,78,1,4.61
264,Glenwood Springs,US,2021-11-01 01:11:21,39.5505,-107.3248,56.21,66,90,12.66
265,Lorengau,PG,2021-11-01 01:11:23,-2.0226,147.2712,81.01,85,100,11.7
266,Salalah,OM,2021-11-01 01:11:24,17.0151,54.0924,71.69,60,0,3.44
267,Sembakung,ID,2021-11-01 01:11:25,3.8167,117.25,84.13,86,100,2.33
268,Mattru,SL,2021-11-01 01:11:26,7.6244,-11.8332,72.12,97,100,0.54
269,Severo-Kurilsk,RU,2021-11-01 01:07:48,50.6789,156.125,36.05,58,80,25.23
270,Booue,GA,2021-11-01 01:11:27,-0.0921,11.9385,71.8,99,100,1.86
271,Sitka,US,2021-11-01 01:12:28,57.0531,-135.33,51.69,37,75,10.36
272,Weihai,CN,2021-11-01 01:12:28,37.5017,122.1136,52.92,61,0,17.11
273,Pisco,PE,2021-11-01 01:12:29,-13.7,-76.2167,62.65,82,0,16.11
274,Tiksi,RU,2021-11-01 01:12:30,71.6872,128.8694,11.88,83,100,11.36
275,Eldorado,BR,2021-11-01 01:12:30,-23.7869,-54.2836,72.09,89,0,5.12
276,San Quintin,MX,2021-11-01 01:12:31,30.4833,-115.95,63.36,81,0,8.84
277,Prudy,RU,2021-11-01 01:12:32,57.5738,46.2718,37.18,95,100,7.09
278,Rawson,AR,2021-11-01 01:12:33,-43.3002,-65.1023,47.5,74,33,12.46
279,Dingle,PH,2021-11-01 01:12:33,10.9995,122.6711,82.22,79,94,14.12
280,Touros,BR,2021-11-01 01:12:34,-5.1989,-35.4608,81.5,77,14,14.94
281,Houma,US,2021-11-01 01:10:05,29.5958,-90.7195,64.99,85,0,0.47
282,Tavda,RU,2021-11-01 01:12:35,58.0425,65.2726,36.18,97,100,6.85
283,Trairi,BR,2021-11-01 01:09:33,-3.2778,-39.2689,79.95,78,38,10.51
284,Palmer,US,2021-11-01 01:11:37,42.1584,-72.3287,57.36,94,60,6.82
285,Tateyama,JP,2021-11-01 01:12:37,34.9833,139.8667,68.14,85,98,11.14
286,Zhigansk,RU,2021-11-01 01:12:38,66.7697,123.3711,6.31,95,100,15.41
287,Husavik,IS,2021-11-01 01:12:39,66.0449,-17.3389,34.16,99,100,19.95
288,Suchil,MX,2021-11-01 01:12:39,23.6333,-103.9167,63.97,41,51,2.98
289,Portree,GB,2021-11-01 01:12:40,57.4129,-6.1942,47.52,93,100,19.17
290,Ondjiva,AO,2021-11-01 01:12:41,-17.0667,15.7333,68.14,21,58,2.86
291,Markova,UA,2021-11-01 01:12:42,48.6758,24.4138,39.07,70,0,2.91
292,Gondar,ET,2021-11-01 01:12:43,12.6,37.4667,55.35,66,7,7.85
293,Dzaoudzi,YT,2021-11-01 01:12:44,-12.7887,45.2699,78.69,78,20,6.91
294,Pangkalanbuun,ID,2021-11-01 01:12:44,-2.6833,111.6167,75.24,96,100,3.91
295,Nome,US,2021-11-01 01:11:00,64.5011,-165.4064,24.87,68,1,6.91
296,Faya,SA,2021-11-01 01:12:46,18.3851,42.4509,54.12,55,10,5.79
297,Shiliguri,IN,2021-11-01 01:12:46,26.7,88.4333,65.62,75,1,3.53
298,Necochea,AR,2021-11-01 01:12:47,-38.5473,-58.7368,52.41,78,100,8.08
299,Rocha,UY,2021-11-01 01:12:48,-34.4833,-54.3333,61.39,99,89,4.16
300,Boqueirao,BR,2021-11-01 01:12:48,-7.5,-36.1333,72.86,80,52,10.45
301,Vila Velha,BR,2021-11-01 01:12:32,-20.3297,-40.2925,69.75,100,90,2.3
302,Gdansk,PL,2021-11-01 01:12:50,54.3521,18.6464,55.08,74,0,12.66
303,Navahrudak,BY,2021-11-01 01:12:50,53.6,25.8333,39.0,70,0,8.86
304,Asyut,EG,2021-11-01 01:09:36,27.181,31.1837,74.61,34,6,7.99
305,Sur,OM,2021-11-01 01:12:52,22.5667,59.5289,81.25,52,0,8.97
306,Ginir,ET,2021-11-01 01:12:52,7.1333,40.7,57.0,78,92,4.56
307,Iqaluit,CA,2021-11-01 01:12:53,63.7506,-68.5145,29.7,86,87,8.99
308,Novaya Igirma,RU,2021-11-01 01:12:54,57.1334,103.9112,30.58,86,100,3.2
309,Jalu,LY,2021-11-01 01:12:54,29.0331,21.5482,64.99,85,13,7.87
310,Two Rivers,US,2021-11-01 01:12:55,44.1539,-87.5693,45.09,53,1,1.99
311,Teluk Nibung,ID,2021-11-01 01:12:56,3.001,99.8164,77.85,84,100,3.67
312,Sira,IN,2021-11-01 01:12:57,13.7453,76.9092,68.92,94,24,5.01
313,Morros,BR,2021-11-01 01:12:57,-9.4467,-46.3003,76.86,65,99,1.63
314,Mayo,US,2021-11-01 01:12:58,38.8876,-76.5119,59.34,76,1,1.99
315,Cidreira,BR,2021-11-01 01:12:59,-30.1811,-50.2056,67.87,88,9,21.27
316,Ulladulla,AU,2021-11-01 01:13:00,-35.35,150.4667,77.77,47,85,10.11
317,Samarai,PG,2021-11-01 01:13:01,-10.6167,150.6667,83.75,77,100,14.88
318,Pembroke,CA,2021-11-01 01:14:01,45.8168,-77.1162,47.17,87,8,8.08
319,Port Hardy,CA,2021-11-01 01:14:02,50.6996,-127.4199,48.0,67,0,7.99
320,Grosseto,IT,2021-11-01 01:14:03,42.8333,11.25,61.68,77,94,3.6
321,Bethel,US,2021-11-01 01:14:03,41.3712,-73.414,57.02,86,1,1.01
322,Gagatli,RU,2021-11-01 01:14:04,42.8013,46.2916,40.55,75,100,2.42
323,Haines Junction,CA,2021-11-01 01:14:05,60.7522,-137.5108,29.93,79,99,3.04
324,Los Llanos De Aridane,ES,2021-11-01 01:14:06,28.6585,-17.9182,67.12,44,40,5.01
325,Saint-Augustin,CA,2021-11-01 01:14:06,51.226,-58.6502,44.06,65,100,8.77
326,Ostrovnoy,RU,2021-11-01 01:14:07,68.0531,39.5131,33.55,88,100,16.69
327,Devils Lake,US,2021-11-01 01:09:37,48.1128,-98.8651,35.58,64,90,7.0
328,Fairview,US,2021-11-01 01:09:09,40.8126,-73.999,60.22,73,20,5.75
329,Bonthe,SL,2021-11-01 01:14:09,7.5264,-12.505,75.52,92,100,2.46
330,Iisalmi,FI,2021-11-01 01:14:10,63.5592,27.1907,46.42,95,100,7.25
331,Talakan,RU,2021-11-01 01:14:11,50.3167,130.3667,32.58,30,15,1.41
332,Krasnoselkup,RU,2021-11-01 01:14:12,65.7,82.4667,4.75,94,100,12.64
333,Lee,US,2021-11-01 01:14:13,26.567,-81.8831,75.97,73,1,9.22
334,Aklavik,CA,2021-11-01 01:14:13,68.2191,-135.0107,22.68,87,100,9.8
335,Constitucion,CL,2021-11-01 01:14:14,-35.3333,-72.4167,51.53,91,73,2.86
336,Cairns,AU,2021-11-01 01:14:15,-16.9167,145.7667,92.07,63,57,16.11
337,Cabo Rojo,PR,2021-11-01 01:14:16,18.0866,-67.1457,80.78,85,18,3.89
338,Yumen,CN,2021-11-01 01:14:16,40.2833,97.2,40.75,31,100,7.81
339,Manggar,ID,2021-11-01 01:14:17,-2.8833,108.2667,81.41,80,100,5.1
340,Dryden,CA,2021-11-01 01:14:18,49.7833,-92.7503,32.29,100,90,9.22
341,Banda Aceh,ID,2021-11-01 01:14:19,5.5577,95.3222,80.2,77,96,6.35
342,Rochester,US,2021-11-01 01:06:51,43.1548,-77.6156,54.63,72,75,5.01
343,Poquoson,US,2021-11-01 01:14:20,37.1224,-76.3458,64.4,86,20,6.91
344,Ambon,ID,2021-11-01 01:14:21,-3.6954,128.1814,84.34,79,40,2.3
345,Mount Isa,AU,2021-11-01 01:14:22,-20.7333,139.5,87.57,37,9,13.8
346,Ahuimanu,US,2021-11-01 01:14:23,21.4447,-157.8378,83.34,65,75,8.05
347,Hasaki,JP,2021-11-01 01:14:23,35.7333,140.8333,63.28,73,100,5.7
348,Maridi,SS,2021-11-01 01:14:24,4.9158,29.4742,67.68,85,100,0.94
349,Makakilo City,US,2021-11-01 01:14:25,21.3469,-158.0858,82.15,62,20,9.22
350,Porto Seguro,BR,2021-11-01 01:14:26,-16.4497,-39.0647,77.52,83,40,10.36
351,Chifeng,CN,2021-11-01 01:14:27,42.2683,118.9636,40.59,68,8,3.11
352,La Asuncion,VE,2021-11-01 01:14:28,11.0333,-63.8628,78.21,84,98,8.48
353,Nemuro,JP,2021-11-01 01:14:29,43.3236,145.575,51.46,72,9,10.87
354,Kamaishi,JP,2021-11-01 01:14:30,39.2667,141.8833,50.95,67,6,4.7
355,Hachinohe,JP,2021-11-01 01:14:30,40.5,141.5,61.83,69,10,3.96
356,Guerrero Negro,MX,2021-11-01 01:14:31,27.9769,-114.0611,65.16,81,1,11.83
357,Westport,US,2021-11-01 01:10:10,41.1415,-73.3579,59.99,89,1,8.01
358,Hondo,JP,2021-11-01 01:14:32,32.45,130.2,63.95,64,94,9.22
359,Alofi,NU,2021-11-01 01:14:33,-19.0595,-169.9187,77.34,75,28,21.83
360,Leningradskiy,RU,2021-11-01 01:14:34,69.3833,178.4167,-1.91,87,99,12.68
361,San Rafael,AR,2021-11-01 01:10:35,-34.6177,-68.3301,48.7,71,100,4.85
362,Ilam,NP,2021-11-01 01:14:35,26.9167,87.9167,56.01,78,4,4.27
363,Luba,GQ,2021-11-01 01:14:36,3.4568,8.5547,79.03,86,98,7.56
364,Requena,ES,2021-11-01 01:15:37,39.4883,-1.1004,67.14,83,100,27.02
365,Kandrian,PG,2021-11-01 01:15:38,-6.2167,149.55,85.91,69,96,11.18
366,Okato,NZ,2021-11-01 01:15:39,-39.2,173.8833,61.43,65,65,12.82
367,Sungairaya,ID,2021-11-01 01:15:40,0.7,108.9,83.46,73,89,4.03
368,Ivanivka,UA,2021-11-01 01:15:41,46.7208,34.553,44.24,95,1,8.88
369,Oussouye,SN,2021-11-01 01:15:41,12.485,-16.5469,78.93,82,99,5.68
370,Hamilton,US,2021-11-01 01:15:36,39.1834,-84.5333,58.44,75,90,1.01
371,Graham,US,2021-11-01 01:15:43,47.0529,-122.2943,53.37,70,1,0.0
372,Sainte-Anne-Des-Monts,CA,2021-11-01 01:15:43,49.124,-66.4924,53.47,82,100,9.22
373,Dunedin,NZ,2021-11-01 01:13:32,-45.8742,170.5036,62.8,52,16,10.0
374,Pangnirtung,CA,2021-11-01 01:15:44,66.1451,-65.7125,27.19,97,100,4.18
375,Sungaipenuh,ID,2021-11-01 01:15:45,-2.0833,101.3833,67.82,93,100,1.03
376,Bengkulu,ID,2021-11-01 01:15:46,-3.8004,102.2655,78.3,82,100,3.47
377,Chilca,PE,2021-11-01 01:15:47,-12.5211,-76.7372,66.61,87,93,6.96
378,Ushtobe,KZ,2021-11-01 01:15:47,45.2514,77.9838,44.33,46,100,9.78
379,Kuytun,RU,2021-11-01 01:15:49,54.3419,101.5036,30.29,92,100,3.27
380,Kalmunai,LK,2021-11-01 01:15:49,7.4167,81.8167,79.3,88,40,6.29
381,Medea,DZ,2021-11-01 01:15:50,36.2642,2.7539,64.85,85,94,4.97
382,Coahuayana,MX,2021-11-01 01:15:51,18.7333,-103.6833,77.59,81,21,0.51
383,Yining,CN,2021-11-01 01:15:51,29.0361,114.5636,61.65,82,100,1.28
384,Asfi,MA,2021-11-01 01:15:52,32.2994,-9.2372,65.44,87,17,6.46
385,Tommot,RU,2021-11-01 01:15:53,58.9564,126.2925,28.26,85,99,2.86
386,Alta Floresta,BR,2021-11-01 01:15:54,-9.8756,-56.0861,70.48,99,98,4.34
387,Flinders,AU,2021-11-01 01:15:55,-34.5833,150.8552,76.17,57,100,4.0
388,Jacareacanga,BR,2021-11-01 01:15:55,-6.2222,-57.7528,75.13,87,66,1.66
389,Bahia Blanca,AR,2021-11-01 01:13:58,-38.7196,-62.2724,53.56,78,100,9.71
390,Izhma,RU,2021-11-01 01:15:57,65.0083,53.9113,9.57,96,42,3.89
391,Berlevag,NO,2021-11-01 01:15:57,70.8578,29.0864,34.65,79,100,18.12
392,Turbat,PK,2021-11-01 01:15:58,26.0023,63.044,75.76,19,0,15.14
393,Dakar,SN,2021-11-01 01:13:20,14.6937,-17.4441,81.48,76,99,15.01
394,Batticaloa,LK,2021-11-01 01:15:59,7.7102,81.6924,79.9,86,44,7.9
395,Yavoriv,UA,2021-11-01 01:16:00,49.9386,23.3825,38.48,88,0,8.59
396,Coari,BR,2021-11-01 01:16:01,-4.085,-63.1414,76.91,84,22,3.04
397,Miguel Calmon,BR,2021-11-01 01:16:02,-11.4289,-40.595,73.2,70,14,6.91
398,Port Blair,IN,2021-11-01 01:16:03,11.6667,92.75,81.73,78,54,4.29
399,Caravelas,BR,2021-11-01 01:16:04,-17.7125,-39.2481,75.18,82,36,7.61
400,Tombouctou,ML,2021-11-01 01:16:04,20.0,-3.0,78.67,22,3,12.48
401,Torbay,CA,2021-11-01 01:15:36,47.6666,-52.7314,45.57,93,75,17.27
402,Prestea,GH,2021-11-01 01:16:06,5.4327,-2.1428,73.89,96,100,4.45
403,Pitiquito,MX,2021-11-01 01:16:07,30.7,-112.0833,72.39,24,0,8.84
404,Karpathos,GR,2021-11-01 01:16:08,35.507,27.2132,62.56,82,100,16.11
405,Olga,RU,2021-11-01 01:16:08,43.7444,135.2892,46.8,79,100,4.34
406,Vernon,CA,2021-11-01 01:14:10,50.2581,-119.2691,39.24,65,0,1.01
407,Guilin,CN,2021-11-01 01:16:10,25.2819,110.2864,62.71,95,100,4.85
408,Patterson,US,2021-11-01 01:17:10,37.4716,-121.1297,67.01,62,100,1.7
409,Kijang,KR,2021-11-01 01:17:11,35.2442,129.2139,60.53,47,100,3.96
410,Tumut,AU,2021-11-01 01:17:12,-35.3,148.2167,72.59,40,89,5.57
411,Tautira,PF,2021-11-01 01:14:12,-17.7333,-149.15,84.22,73,18,13.49
412,Cayenne,GF,2021-11-01 01:17:14,4.9333,-52.3333,82.09,82,75,3.0
413,Ucluelet,CA,2021-11-01 01:15:36,48.9329,-125.5528,52.09,78,0,10.45
414,Sancti Spiritus,CU,2021-11-01 01:17:16,21.9297,-79.4425,70.7,85,80,5.5
415,Santa Rosa,PH,2021-11-01 01:17:16,14.3122,121.1114,83.1,74,72,12.77
416,Mahajanga,MG,2021-11-01 01:17:17,-15.7167,46.3167,73.42,88,40,4.61
417,Port Lincoln,AU,2021-11-01 01:17:18,-34.7333,135.8667,71.53,43,0,9.06
418,Codrington,AU,2021-11-01 01:15:56,-38.2667,141.9667,63.59,61,1,3.56
419,Fengzhen,CN,2021-11-01 01:17:19,40.4394,113.1536,37.72,53,0,2.68
420,Bembereke,BJ,2021-11-01 01:17:20,10.2283,2.6634,71.35,44,91,5.64
421,Namibe,AO,2021-11-01 01:17:20,-15.1961,12.1522,64.06,78,17,7.87
422,Keuruu,FI,2021-11-01 01:17:21,62.2667,24.7,45.81,78,100,5.95
423,Wanaka,NZ,2021-11-01 01:17:22,-44.7,169.15,68.11,35,23,8.99
424,Bilma,NE,2021-11-01 01:17:23,18.6853,12.9164,76.87,23,6,12.03
425,Huarmey,PE,2021-11-01 01:17:23,-10.0681,-78.1522,65.16,81,8,8.1
426,Dzilam Gonzalez,MX,2021-11-01 01:17:24,21.2833,-88.9333,70.86,67,32,5.73
427,Kaeo,NZ,2021-11-01 01:17:25,-35.1,173.7833,67.32,62,98,6.04
428,La Rioja,ES,2021-11-01 01:17:26,42.25,-2.5,51.04,92,100,5.77
429,Nizwa,OM,2021-11-01 01:17:26,22.9333,57.5333,74.89,23,0,7.14
430,Yeppoon,AU,2021-11-01 01:17:27,-23.1333,150.7333,76.78,61,90,18.9
431,Dhaulpur,IN,2021-11-01 01:17:28,26.7,77.9,66.65,52,0,3.71
432,Aban,RU,2021-11-01 01:17:29,56.67,96.06,35.53,73,100,14.52
433,Grindavik,IS,2021-11-01 01:17:30,63.8424,-22.4338,36.07,80,75,21.85
434,Najran,SA,2021-11-01 01:17:25,17.4924,44.1277,61.45,49,0,2.57
435,Waverly,US,2021-11-01 01:17:31,42.7392,-84.6208,46.33,80,90,10.36
436,Shimanovsk,RU,2021-11-01 01:17:32,52.0,127.7,31.41,35,14,7.87
437,Vodnyy,RU,2021-11-01 01:17:32,63.5046,53.4095,17.44,98,100,4.72
438,Nosy Varika,MG,2021-11-01 01:17:33,-20.5833,48.5333,72.14,91,67,7.14
439,Cururupu,BR,2021-11-01 01:17:34,-1.8283,-44.8683,75.94,93,91,4.29
440,Solnechnyy,RU,2021-11-01 01:17:34,50.7214,136.6319,32.81,49,0,4.18
441,Itarema,BR,2021-11-01 01:17:35,-2.9248,-39.9167,80.35,78,29,13.42
442,Shingu,JP,2021-11-01 01:17:36,33.7333,135.9833,70.79,64,47,3.91
443,Kondinskoye,RU,2021-11-01 01:17:37,59.6481,67.41,20.03,95,100,11.23
444,Pandan,PH,2021-11-01 01:17:38,14.0453,124.1694,83.39,70,47,11.63
445,Mercedes,AR,2021-11-01 01:17:39,-34.6515,-59.4307,62.64,77,100,12.33
446,Roma,US,2021-11-01 01:13:29,43.2128,-75.4557,54.39,90,90,0.0
447,Astoria,US,2021-11-01 01:17:40,46.1879,-123.8313,58.86,51,1,1.99
448,Kampong Chhnang,KH,2021-11-01 01:17:41,12.1667,104.55,79.47,83,63,0.94
449,Mtwara,TZ,2021-11-01 01:17:41,-10.2667,40.1833,78.8,73,98,10.47
450,Pilot Butte,CA,2021-11-01 01:17:42,50.4668,-104.4178,30.78,76,20,6.91
451,Watrous,CA,2021-11-01 01:17:43,51.6668,-105.4679,31.78,64,100,9.22
452,Mayumba,GA,2021-11-01 01:17:43,-3.432,10.6554,77.02,88,100,9.71
453,Fort Nelson,CA,2021-11-01 01:15:36,58.8053,-122.7002,24.39,74,20,3.44
454,Morondava,MG,2021-11-01 01:18:45,-20.2833,44.2833,69.94,86,73,7.4
455,Belaya Gora,RU,2021-11-01 01:18:45,68.5333,146.4167,-5.78,99,71,3.4
456,Sikonge,TZ,2021-11-01 01:18:46,-5.6333,32.7667,65.98,83,97,3.74
457,Fairbanks,US,2021-11-01 01:18:23,64.8378,-147.7164,44.94,49,20,6.91
458,Lakselv,NO,2021-11-01 01:18:48,70.0513,24.9718,33.62,86,75,31.07
459,Christchurch,NZ,2021-11-01 01:17:00,-43.5333,172.6333,62.47,63,15,7.0
460,Sobolevo,RU,2021-11-01 01:18:49,54.4299,31.8996,37.2,83,0,7.4
461,Mahon,ES,2021-11-01 01:18:50,39.8885,4.2658,70.36,94,0,11.5
462,Mayor Pablo Lagerenza,PY,2021-11-01 01:18:50,-19.9309,-60.7718,80.58,59,0,4.07
463,Scarborough,GB,2021-11-01 01:13:57,54.2797,-0.4044,49.57,86,100,7.0
464,Manuk Mangkaw,PH,2021-11-01 01:18:52,4.8,119.85,83.14,73,83,4.52
465,Kenora,CA,2021-11-01 01:17:04,49.8167,-94.4337,35.58,100,90,8.05
466,Numan,NG,2021-11-01 01:18:53,9.4667,12.0333,77.34,52,65,5.53
467,Tezu,IN,2021-11-01 01:18:54,27.9167,96.1667,67.8,63,50,3.04
468,Chinsali,ZM,2021-11-01 01:18:55,-10.5414,32.0816,71.67,55,35,4.56
469,Bondoukou,CI,2021-11-01 01:18:55,8.0333,-2.8,74.41,81,100,4.14
470,Qandala,SO,2021-11-01 01:15:53,11.472,49.8728,78.53,77,97,8.28
471,Tarakan,ID,2021-11-01 01:18:57,3.3,117.6333,85.5,70,20,6.91
472,Hofn,IS,2021-11-01 01:18:57,64.2539,-15.2082,39.6,60,99,26.42
473,Walvis Bay,NA,2021-11-01 01:18:58,-22.9575,14.5053,60.1,93,0,5.75
474,Isakly,RU,2021-11-01 01:18:59,54.1333,51.5333,41.22,85,20,8.59
475,Kang,BW,2021-11-01 01:18:59,-23.6752,22.7876,71.24,24,0,6.96
476,Voznesenye,RU,2021-11-01 01:19:00,61.0106,35.4781,42.04,91,100,7.99
477,Tessalit,ML,2021-11-01 01:19:01,20.1986,1.0114,81.16,15,1,10.29
478,Kavaratti,IN,2021-11-01 01:19:02,10.5669,72.642,81.1,79,81,6.87
479,Iranduba,BR,2021-11-01 01:19:03,-3.2847,-60.1861,84.49,74,86,3.53
480,Maua,BR,2021-11-01 01:19:04,-23.6678,-46.4614,66.36,85,100,3.69
481,Manokwari,ID,2021-11-01 01:19:05,-0.8667,134.0833,80.55,78,100,4.45
482,Sinjar,IQ,2021-11-01 01:19:05,36.3209,41.8754,64.9,64,100,10.04
483,Penzance,GB,2021-11-01 01:19:06,50.1186,-5.5371,52.81,70,57,25.7
484,Biloxi,US,2021-11-01 01:19:07,30.396,-88.8853,60.85,82,1,0.0
485,Poum,NC,2021-11-01 01:19:08,-20.2333,164.0167,75.69,70,0,18.39
486,Oranjemund,NA,2021-11-01 01:19:09,-28.55,16.4333,61.54,73,100,8.93
487,Omsukchan,RU,2021-11-01 01:19:09,62.5333,155.8,-6.83,90,47,3.27
488,Cervo,ES,2021-11-01 01:19:10,43.6702,-7.4101,53.96,75,57,16.67
489,Kieta,PG,2021-11-01 01:19:11,-6.2167,155.6333,83.71,73,100,3.76
490,Cherepovets,RU,2021-11-01 01:19:12,59.1333,37.9,38.53,94,92,7.09
491,Belle Glade,US,2021-11-01 01:14:44,26.6845,-80.6676,75.97,74,74,9.57
492,Syracuse,IT,2021-11-01 01:19:13,37.0881,15.2792,62.44,89,100,7.74
493,Saint Anthony,US,2021-11-01 01:19:14,45.0205,-93.218,42.73,59,75,1.01
494,Nawada,IN,2021-11-01 01:19:14,24.8833,85.5333,61.09,72,0,1.57
495,Cabedelo,BR,2021-11-01 01:19:15,-6.9811,-34.8339,79.47,78,92,11.99
496,Dhidhdhoo,MV,2021-11-01 01:19:16,6.8833,73.1,80.94,79,100,12.48
497,Domat,CH,2021-11-01 01:19:16,46.8348,9.4508,54.48,92,61,8.48
498,Marion,US,2021-11-01 01:19:18,39.7684,-86.1555,50.83,81,20,9.22
499,Klaksvik,FO,2021-11-01 01:19:18,62.2266,-6.589,41.92,66,100,9.8
500,Praia Da Vitoria,PT,2021-11-01 01:16:00,38.7333,-27.0667,70.05,88,20,3.8
501,Meulaboh,ID,2021-11-01 01:20:20,4.1363,96.1285,77.38,84,100,3.31
502,Inongo,CD,2021-11-01 01:20:20,-1.95,18.2667,70.07,96,100,4.03
503,Chalus,IR,2021-11-01 01:20:21,36.655,51.4204,58.46,88,75,4.61
504,Villarrobledo,ES,2021-11-01 01:20:22,39.2699,-2.6012,62.78,87,100,28.39
505,Ames,US,2021-11-01 01:16:17,42.0347,-93.6199,42.62,72,1,4.0
506,Masakin,TN,2021-11-01 01:20:23,35.7292,10.5808,70.0,88,40,3.44
507,Iranshahr,IR,2021-11-01 01:20:24,27.2025,60.6848,69.62,23,0,4.79
508,Joshimath,IN,2021-11-01 01:20:24,30.5667,79.5667,48.29,38,0,4.38
509,Mlonggo,ID,2021-11-01 01:20:25,-6.5333,110.7,82.29,65,76,2.21
510,Rebrikha,RU,2021-11-01 01:20:26,53.0733,82.3408,24.82,89,100,11.41
511,Lagunillas,VE,2021-11-01 01:20:27,10.1301,-71.2595,78.76,82,87,4.38
512,Arinos,BR,2021-11-01 01:20:27,-15.9169,-46.1056,71.17,84,99,1.9
513,Grand-Lahou,CI,2021-11-01 01:20:28,5.1367,-5.0242,77.45,88,100,8.5
514,Bairiki,KI,2021-11-01 01:20:29,1.3292,172.9752,87.8,62,40,11.5
515,Iguatemi,BR,2021-11-01 01:20:29,-23.6803,-54.5611,72.16,93,0,4.97
516,Altamira,BR,2021-11-01 01:20:30,-3.2033,-52.2064,77.59,78,97,2.24
517,Niteroi,BR,2021-11-01 01:20:31,-22.8833,-43.1036,71.58,96,90,5.75
518,Sao Borja,BR,2021-11-01 01:20:02,-28.6606,-56.0044,72.95,65,15,6.33
519,Aswan,EG,2021-11-01 01:15:45,24.0934,32.907,80.87,33,98,7.92
520,Van Buren,US,2021-11-01 01:20:33,35.4368,-94.3483,59.02,72,1,1.01
521,Padang,ID,2021-11-01 01:18:42,-0.9492,100.3543,80.65,89,100,2.66
522,Fernandez,AR,2021-11-01 01:20:34,-27.9204,-63.8935,80.51,50,100,16.35
523,Avera,US,2021-11-01 01:20:35,33.194,-82.5271,59.72,75,0,6.96
524,Aquiraz,BR,2021-11-01 01:20:36,-3.9014,-38.3911,81.18,81,47,12.1
525,Manaure,CO,2021-11-01 01:20:36,11.7751,-72.4445,81.64,73,100,8.19
526,Yuli,NG,2021-11-01 01:20:37,9.6989,10.2744,75.87,38,90,2.95
527,Gambo,CF,2021-11-01 01:20:38,4.6482,22.2633,68.77,98,100,1.39
528,Kamenka,RU,2021-11-01 01:20:39,51.3223,42.7678,39.7,66,0,6.13
529,Pyapon,MM,2021-11-01 01:20:39,16.2833,95.6833,78.31,90,100,4.43
530,Skawina,PL,2021-11-01 01:20:40,49.9752,19.8287,46.53,71,0,3.49
531,Kununurra,AU,2021-11-01 01:19:52,-15.7667,128.7333,85.98,62,18,5.75
532,Bay Roberts,CA,2021-11-01 01:20:41,47.5999,-53.2648,46.04,88,100,5.01
533,Havelock,US,2021-11-01 01:20:42,34.8791,-76.9013,64.35,90,1,4.61
534,Pimenta Bueno,BR,2021-11-01 01:20:43,-11.6725,-61.1936,73.09,94,100,4.14
535,Boma,GH,2021-11-01 01:20:43,7.0805,-2.1697,71.78,94,67,3.38
536,Boyolangu,ID,2021-11-01 01:20:45,-8.1181,111.8935,80.74,80,100,4.99
537,Orapa,BW,2021-11-01 01:20:45,-21.2833,25.3667,73.94,52,0,13.73
538,Idritsa,RU,2021-11-01 01:20:46,56.3316,28.8988,41.0,85,11,7.25
539,Punta Cardon,VE,2021-11-01 01:20:47,11.6581,-70.215,81.01,76,100,16.44
540,Great Yarmouth,GB,2021-11-01 01:20:48,52.6083,1.7305,51.24,74,6,25.95
541,Zarechnyy,RU,2021-11-01 01:20:49,53.2036,45.1923,46.31,46,6,5.82
542,Manaquiri,BR,2021-11-01 01:20:50,-3.3167,-60.35,84.65,80,67,3.09
543,Surt,LY,2021-11-01 01:20:50,31.2089,16.5887,68.58,66,96,12.3
544,Barreiras,BR,2021-11-01 01:20:51,-12.1528,-44.99,78.62,52,100,1.25
545,Pokrovsk,UA,2021-11-01 01:20:52,48.282,37.1758,40.26,91,0,7.83
546,Fushun,CN,2021-11-01 01:20:52,41.8558,123.9233,40.57,54,9,4.9
547,Acapulco,MX,2021-11-01 01:16:25,16.8634,-99.8901,79.48,81,100,1.3
548,Khanpur,PK,2021-11-01 01:21:54,28.6453,70.6567,70.34,19,0,8.14
549,Ketchikan,US,2021-11-01 01:18:45,55.3422,-131.6461,39.67,87,1,0.0
550,Sipoo,FI,2021-11-01 01:21:55,60.3775,25.2691,47.16,83,40,9.22
551,Camocim,BR,2021-11-01 01:21:57,-2.9022,-40.8411,79.75,80,66,12.37
552,Plastun,RU,2021-11-01 01:21:57,44.7561,136.2939,46.02,82,100,4.83
553,Atasu,KZ,2021-11-01 01:19:57,48.6814,71.6433,38.43,79,100,12.62
554,Santa Cruz,BO,2021-11-01 01:18:33,-17.8,-63.1667,81.86,69,75,3.44
555,El Campo,US,2021-11-01 01:21:59,29.1966,-96.2697,69.89,77,1,3.44
556,Bhera,PK,2021-11-01 01:22:00,32.4832,72.9097,63.99,45,0,6.53
557,Menongue,AO,2021-11-01 01:22:00,-14.6585,17.691,62.64,85,82,2.93
558,Manadhoo,MV,2021-11-01 01:21:16,5.7667,73.3833,82.15,75,100,16.2
559,Teya,RU,2021-11-01 01:22:02,60.3778,92.6267,21.47,95,100,3.38
560,Iracoubo,GF,2021-11-01 01:22:02,5.4802,-53.2011,79.05,83,72,8.81
561,Road Town,VG,2021-11-01 01:22:04,18.4167,-64.6167,80.69,66,5,12.06
562,Saldanha,ZA,2021-11-01 01:22:04,-33.0117,17.9442,62.65,76,100,11.32
563,Lakes Entrance,AU,2021-11-01 01:22:05,-37.8811,147.981,71.58,56,100,6.91
