City_ID,City,Country,Date,Lat,Lng,Max Temp,Humidity,Cloudiness,Wind Speed,Description
0,Belaya Gora,RU,2022-03-10 15:33:44,68.5333,146.4167,-16.24,100,100,2.62,overcast clouds
1,Tautira,PF,2022-03-10 15:33:45,-17.7333,-149.15,80.74,72,91,12.12,overcast clouds
2,Avera,US,2022-03-10 15:33:45,33.194,-82.5271,56.71,95,100,3.91,light rain
3,Punta Arenas,CL,2022-03-10 15:33:46,-53.15,-70.9167,50.11,53,0,8.05,clear sky
4,Liku,ID,2022-03-10 15:33:46,-0.7275,119.8922,77.45,91,77,3.18,broken clouds
5,Rikitea,PF,2022-03-10 15:33:47,-23.1203,-134.9692,78.42,69,79,6.87,broken clouds
6,High Level,CA,2022-03-10 15:33:47,58.5169,-117.136,-11.09,77,0,3.44,clear sky
7,Quelimane,MZ,2022-03-10 15:33:48,-17.8786,36.8883,85.95,70,40,17.27,scattered clouds
8,Castro,BR,2022-03-10 15:33:48,-24.7911,-50.0119,75.69,80,53,5.91,broken clouds
9,Albany,US,2022-03-10 15:32:07,42.6001,-73.9662,36.95,88,21,2.8,few clouds
10,Alma,CA,2022-03-10 15:33:25,48.5501,-71.6491,33.42,78,96,11.77,overcast clouds
11,Clyde River,CA,2022-03-10 15:33:49,70.4692,-68.5914,-21.77,76,0,0.0,clear sky
12,Busselton,AU,2022-03-10 15:33:49,-33.65,115.3333,71.49,52,48,9.89,scattered clouds
13,Farah,AF,2022-03-10 15:33:50,32.5,62.5,72.54,31,78,6.38,broken clouds
14,Port Alfred,ZA,2022-03-10 15:33:50,-33.5906,26.891,76.17,78,23,12.33,few clouds
15,Yeppoon,AU,2022-03-10 15:33:51,-23.1333,150.7333,71.38,91,100,8.05,moderate rain
16,Kaitangata,NZ,2022-03-10 15:33:51,-46.2817,169.8464,54.05,97,69,3.62,broken clouds
17,Sesheke,ZM,2022-03-10 15:33:52,-17.4759,24.2968,73.09,83,98,8.66,moderate rain
18,Kushima,JP,2022-03-10 15:33:52,31.4583,131.2333,52.05,75,100,3.67,overcast clouds
19,Kodiak,US,2022-03-10 15:33:53,57.79,-152.4072,40.51,93,100,19.57,moderate rain
20,Ilulissat,GL,2022-03-10 15:33:53,69.2167,-51.1,-9.36,86,27,2.55,scattered clouds
21,Torbay,CA,2022-03-10 15:33:54,47.6666,-52.7314,32.88,74,100,5.01,heavy snow
22,Haines Junction,CA,2022-03-10 15:33:54,60.7522,-137.5108,12.15,79,100,1.14,overcast clouds
23,West Bay,KY,2022-03-10 15:29:54,19.3667,-81.4167,84.27,73,40,6.91,scattered clouds
24,San Vicente,AR,2022-03-10 15:33:55,-26.6167,-54.1333,90.99,39,22,6.42,few clouds
25,Sao Joao Da Barra,BR,2022-03-10 15:33:56,-21.6403,-41.0511,87.89,72,5,11.41,clear sky
26,Avarua,CK,2022-03-10 15:33:56,-21.2078,-159.775,80.65,83,75,8.05,broken clouds
27,Nieuwpoort,BE,2022-03-10 15:33:57,51.1244,2.7735,63.23,48,20,14.97,few clouds
28,Sitka,US,2022-03-10 15:33:57,57.0531,-135.33,39.09,75,100,6.91,light rain
29,Qaanaaq,GL,2022-03-10 15:33:58,77.484,-69.3632,-3.75,56,98,3.56,overcast clouds
30,Mar Del Plata,AR,2022-03-10 15:33:41,-38.0023,-57.5575,71.62,63,0,11.5,clear sky
31,Kapaa,US,2022-03-10 15:33:59,22.0752,-159.319,69.78,100,100,3.44,light rain
32,Atikokan,CA,2022-03-10 15:33:09,48.7555,-91.6216,3.45,85,100,10.02,overcast clouds
33,Narsaq,GL,2022-03-10 15:33:59,60.9167,-46.05,12.42,54,0,2.1,clear sky
34,Kedrovka,RU,2022-03-10 15:34:00,55.5333,86.05,9.48,90,100,9.37,overcast clouds
35,Butaritari,KI,2022-03-10 15:34:00,3.0707,172.7902,80.62,80,99,13.71,light rain
36,Bengkulu,ID,2022-03-10 15:34:01,-3.8004,102.2655,76.87,89,100,6.64,overcast clouds
37,Jamestown,US,2022-03-10 15:34:01,42.097,-79.2353,40.01,60,0,3.44,clear sky
38,Sapernoye,RU,2022-03-10 15:34:02,60.7167,29.9505,28.65,80,10,11.05,clear sky
39,Tshikapa,CD,2022-03-10 15:34:02,-6.4167,20.8,76.57,83,99,2.62,overcast clouds
40,Bluff,NZ,2022-03-10 15:34:03,-46.6,168.3333,59.81,90,71,8.03,broken clouds
41,Trincomalee,LK,2022-03-10 15:34:03,8.5711,81.2335,80.28,76,40,11.25,scattered clouds
42,Yar-Sale,RU,2022-03-10 15:37:52,66.8333,70.8333,-4.49,94,100,7.4,overcast clouds
43,Issia,CI,2022-03-10 15:37:52,6.4922,-6.5856,101.62,21,73,2.28,broken clouds
44,De Panne,BE,2022-03-10 15:37:53,51.0792,2.5917,63.23,52,20,13.8,few clouds
45,Palmer,US,2022-03-10 15:37:53,42.1584,-72.3287,45.64,70,60,1.01,broken clouds
46,Ostrovnoy,RU,2022-03-10 15:37:54,68.0531,39.5131,23.9,86,93,22.15,overcast clouds
47,Kuching,MY,2022-03-10 15:37:54,1.55,110.3333,79.02,89,20,0.0,few clouds
48,Alofi,NU,2022-03-10 15:37:55,-19.0595,-169.9187,76.89,94,100,5.75,overcast clouds
49,Thompson,CA,2022-03-10 15:37:55,55.7435,-97.8558,-7.44,77,75,0.0,broken clouds
50,Upernavik,GL,2022-03-10 15:37:56,72.7868,-56.1549,-3.21,89,99,7.02,overcast clouds
51,Ushuaia,AR,2022-03-10 15:32:59,-54.8,-68.3,47.86,57,40,11.5,scattered clouds
52,Mehamn,NO,2022-03-10 15:37:56,71.0357,27.8492,38.55,81,100,24.52,light rain
53,Lasa,IT,2022-03-10 15:37:57,46.6166,10.7002,50.88,66,0,2.64,clear sky
54,Bredasdorp,ZA,2022-03-10 15:37:32,-34.5322,20.0403,74.52,53,7,13.8,clear sky
55,Khatanga,RU,2022-03-10 15:37:58,71.9667,102.5,-11.36,98,99,3.76,overcast clouds
56,Roanoke,US,2022-03-10 15:37:58,37.271,-79.9414,46.94,80,100,8.05,overcast clouds
57,Chapais,CA,2022-03-10 15:37:58,49.7834,-74.8492,10.18,82,100,10.6,overcast clouds
58,Copiapo,CL,2022-03-10 15:37:59,-27.3667,-70.3333,65.89,33,0,8.1,clear sky
59,Tucupita,VE,2022-03-10 15:37:59,9.0622,-62.051,83.34,64,92,6.08,overcast clouds
60,Klaksvik,FO,2022-03-10 15:38:00,62.2266,-6.589,43.72,87,100,25.14,overcast clouds
61,Korla,CN,2022-03-10 15:38:00,41.7597,86.1469,51.98,31,75,2.95,broken clouds
62,Turochak,RU,2022-03-10 15:38:01,52.2576,87.1224,19.74,97,100,3.11,overcast clouds
63,Ust-Kulom,RU,2022-03-10 15:38:01,61.6864,53.6902,-3.21,99,38,1.88,scattered clouds
64,Bitung,ID,2022-03-10 15:37:19,1.4451,125.1824,77.85,83,72,3.53,broken clouds
65,Mercedes,AR,2022-03-10 15:38:02,-34.6515,-59.4307,76.64,54,70,8.99,broken clouds
66,Rondonopolis,BR,2022-03-10 15:36:36,-16.4708,-54.6356,86.25,66,63,3.04,broken clouds
67,Kahului,US,2022-03-10 15:38:03,20.8947,-156.47,73.85,77,0,5.75,clear sky
68,Da Lat,VN,2022-03-10 15:38:03,11.9465,108.4419,58.77,66,99,2.44,overcast clouds
69,New Norfolk,AU,2022-03-10 15:38:04,-42.7826,147.0587,54.9,91,1,2.73,clear sky
70,La Ronge,CA,2022-03-10 15:38:04,55.1001,-105.2842,-3.75,65,40,21.85,scattered clouds
71,Hobart,AU,2022-03-10 15:33:59,-42.8794,147.3294,55.26,67,100,6.91,overcast clouds
72,Otradnoye,RU,2022-03-10 15:38:05,59.7775,30.8181,28.96,88,22,5.88,few clouds
73,Longyearbyen,SJ,2022-03-10 15:38:06,78.2186,15.6401,28.24,93,100,10.36,light snow
74,Geraldton,AU,2022-03-10 15:38:06,-28.7667,114.6,75.61,57,2,4.61,clear sky
75,Saint-Philippe,RE,2022-03-10 15:38:07,-21.3585,55.7679,81.99,84,39,9.08,scattered clouds
76,Iquique,CL,2022-03-10 15:38:08,-20.2208,-70.1431,75.24,72,19,8.08,few clouds
77,Porto Seguro,BR,2022-03-10 15:38:08,-16.4497,-39.0647,84.72,74,40,6.91,moderate rain
78,Port Blair,IN,2022-03-10 15:38:09,11.6667,92.75,82.44,78,20,4.61,thunderstorm
79,Dikson,RU,2022-03-10 15:38:09,73.5069,80.5464,-17.86,99,82,10.85,broken clouds
80,Coquimbo,CL,2022-03-10 15:37:20,-29.9533,-71.3436,64.13,77,20,11.5,few clouds
81,Savannah Bight,HN,2022-03-10 15:38:10,16.45,-85.85,79.81,76,0,21.47,clear sky
82,Alamosa,US,2022-03-10 15:34:36,37.4695,-105.87,21.18,79,100,12.66,overcast clouds
83,Skibbereen,IE,2022-03-10 15:38:11,51.55,-9.2667,50.11,82,100,28.19,overcast clouds
84,Vinh,VN,2022-03-10 15:37:01,18.6667,105.6667,68.9,92,73,2.89,broken clouds
85,Nishihara,JP,2022-03-10 15:38:12,26.1842,127.7558,68.05,58,75,8.05,broken clouds
86,Agirish,RU,2022-03-10 15:39:13,61.9247,63.0231,-9.49,99,93,3.04,overcast clouds
87,Tombouctou,ML,2022-03-10 15:39:13,20.0,-3.0,90.68,6,1,6.85,clear sky
88,Cherskiy,RU,2022-03-10 15:39:14,68.75,161.3,11.17,72,93,10.13,overcast clouds
89,Esperance,AU,2022-03-10 15:39:14,-33.8667,121.9,66.04,72,100,14.41,overcast clouds
90,Sawtell,AU,2022-03-10 15:39:16,-30.3833,153.1,68.18,77,100,12.66,overcast clouds
91,Salalah,OM,2022-03-10 15:36:34,17.0151,54.0924,80.69,47,0,3.44,clear sky
92,Mareeba,AU,2022-03-10 15:39:17,-17.0,145.4333,77.72,91,88,0.89,overcast clouds
93,Alice Springs,AU,2022-03-10 15:39:18,-23.7,133.8833,70.21,30,9,6.91,clear sky
94,Adrar,MR,2022-03-10 15:39:18,20.5022,-10.0711,86.97,6,0,15.05,clear sky
95,Yerbogachen,RU,2022-03-10 15:39:19,61.2767,108.0108,-15.27,100,99,4.47,overcast clouds
96,Tuktoyaktuk,CA,2022-03-10 15:39:19,69.4541,-133.0374,-27.4,75,75,4.61,broken clouds
97,Chuy,UY,2022-03-10 15:39:20,-33.6971,-53.4616,76.28,61,95,14.14,overcast clouds
98,Havelock,US,2022-03-10 15:39:21,34.8791,-76.9013,49.98,89,100,4.0,overcast clouds
99,Yellowknife,CA,2022-03-10 15:37:55,62.456,-114.3525,-19.71,68,0,9.22,clear sky
100,Hermanus,ZA,2022-03-10 15:39:21,-34.4187,19.2345,78.8,60,0,18.59,clear sky
101,Husavik,IS,2022-03-10 15:39:22,66.0449,-17.3389,37.11,88,100,7.96,overcast clouds
102,Eureka,US,2022-03-10 15:37:53,40.8021,-124.1637,44.92,92,1,3.78,clear sky
103,Airai,TL,2022-03-10 15:39:23,-8.9266,125.4092,61.2,95,100,1.45,overcast clouds
104,Kyren,RU,2022-03-10 15:39:23,51.6828,102.1408,14.34,92,57,1.03,broken clouds
105,Vaini,TO,2022-03-10 15:39:24,-21.2,-175.2,77.16,88,20,4.61,few clouds
106,Cayenne,GF,2022-03-10 15:39:24,4.9333,-52.3333,84.24,58,40,14.97,scattered clouds
107,Sydney,AU,2022-03-10 15:27:43,-33.8679,151.2073,63.84,80,40,9.22,light intensity shower rain
108,Ribeira Grande,PT,2022-03-10 15:39:25,38.5167,-28.7,61.2,63,20,24.16,few clouds
109,Cape Town,ZA,2022-03-10 15:37:54,-33.9258,18.4232,75.61,45,0,18.41,clear sky
110,Bereda,ES,2022-03-10 15:39:26,43.2686,-7.5406,55.15,89,78,9.86,broken clouds
111,Loandjili,CG,2022-03-10 15:39:27,-4.7561,11.8578,84.31,79,40,9.22,scattered clouds
112,Rawson,AR,2022-03-10 15:39:27,-43.3002,-65.1023,65.97,44,31,12.24,scattered clouds
113,Aqtobe,KZ,2022-03-10 15:39:27,50.2797,57.2072,15.89,79,100,22.37,overcast clouds
114,Tiksi,RU,2022-03-10 15:39:28,71.6872,128.8694,-22.32,100,99,2.13,overcast clouds
115,Agadir,MA,2022-03-10 15:38:03,30.4202,-9.5982,72.05,51,0,11.27,clear sky
116,Mataura,NZ,2022-03-10 15:39:29,-46.1927,168.8643,59.49,94,58,3.47,broken clouds
117,Hilo,US,2022-03-10 15:36:49,19.7297,-155.09,71.62,86,0,8.05,clear sky
118,Los Llanos De Aridane,ES,2022-03-10 15:39:29,28.6585,-17.9182,64.15,75,20,5.75,few clouds
119,Necochea,AR,2022-03-10 15:34:39,-38.5473,-58.7368,70.59,32,0,13.62,clear sky
120,Tiarei,PF,2022-03-10 15:39:30,-17.5333,-149.3333,73.42,75,77,11.95,broken clouds
121,Vestmannaeyjar,IS,2022-03-10 15:39:30,63.4427,-20.2734,45.59,100,100,14.97,mist
122,Soke,ML,2022-03-10 15:39:32,13.598,-5.9386,100.31,8,46,8.66,scattered clouds
123,Saskylakh,RU,2022-03-10 15:39:32,71.9167,114.0833,-33.63,100,62,2.91,broken clouds
124,Atuona,PF,2022-03-10 15:39:33,-9.8,-139.0333,77.92,73,26,18.05,scattered clouds
125,Lebu,CL,2022-03-10 15:39:34,-37.6167,-73.65,60.96,68,1,22.01,clear sky
126,Vila Franca Do Campo,PT,2022-03-10 15:39:34,37.7167,-25.4333,63.19,61,98,20.0,overcast clouds
127,Pevek,RU,2022-03-10 15:39:34,69.7008,170.3133,12.56,62,5,14.2,clear sky
128,Kruisfontein,ZA,2022-03-10 15:39:35,-34.0033,24.7314,74.88,68,60,10.16,broken clouds
129,Port Elizabeth,ZA,2022-03-10 15:39:35,-33.918,25.5701,77.29,69,20,8.05,few clouds
130,Pryazha,RU,2022-03-10 15:40:36,61.6926,33.6216,27.63,88,52,11.01,broken clouds
131,Kuytun,RU,2022-03-10 15:40:36,54.3419,101.5036,-2.11,98,99,3.04,overcast clouds
132,Nanortalik,GL,2022-03-10 15:40:37,60.1432,-45.2371,14.31,63,1,13.71,clear sky
133,Arnprior,CA,2022-03-10 15:37:40,45.4334,-76.3494,34.57,64,95,7.45,overcast clouds
134,Gizo,SB,2022-03-10 15:40:38,-8.103,156.8419,81.95,76,88,5.08,overcast clouds
135,Ellsworth,US,2022-03-10 15:40:38,44.5434,-68.4195,44.26,58,0,8.05,clear sky
136,Ngunguru,NZ,2022-03-10 15:40:39,-35.6167,174.5,66.13,74,13,10.85,few clouds
137,Nouadhibou,MR,2022-03-10 15:40:39,20.931,-17.0347,80.58,44,0,13.8,clear sky
138,Hithadhoo,MV,2022-03-10 15:40:40,-0.6,73.0833,82.78,61,10,4.76,clear sky
139,Gondanglegi,ID,2022-03-10 15:40:40,-7.7479,112.0132,75.27,93,100,2.77,moderate rain
140,Yulara,AU,2022-03-10 15:40:41,-25.2406,130.9889,71.44,24,3,5.75,clear sky
141,Mehran,IR,2022-03-10 15:40:41,33.1222,46.1646,74.46,38,100,3.47,overcast clouds
142,Ballina,AU,2022-03-10 15:40:42,-28.8667,153.5667,69.01,98,99,9.15,overcast clouds
143,Moose Jaw,CA,2022-03-10 15:40:42,50.4001,-105.5344,7.07,78,75,26.46,broken clouds
144,Nyuksenitsa,RU,2022-03-10 15:40:42,60.4128,44.2397,15.08,98,98,3.06,overcast clouds
145,Pokhara,NP,2022-03-10 15:40:43,28.2333,83.9833,65.08,31,44,6.4,scattered clouds
146,Shimoda,JP,2022-03-10 15:40:43,34.6667,138.95,52.38,61,47,4.83,scattered clouds
147,Hobyo,SO,2022-03-10 15:40:44,5.3505,48.5268,79.54,63,69,15.39,broken clouds
148,Cidreira,BR,2022-03-10 15:40:44,-30.1811,-50.2056,82.47,70,99,10.98,overcast clouds
149,Jinchang,CN,2022-03-10 15:40:45,38.4953,102.1739,48.97,39,86,4.63,overcast clouds
150,Laem Sing,TH,2022-03-10 15:40:45,12.4816,102.0738,84.15,83,27,5.35,scattered clouds
151,Vuktyl,RU,2022-03-10 15:40:46,63.8567,57.3094,-5.71,100,17,4.03,few clouds
152,Goderich,CA,2022-03-10 15:40:46,43.7501,-81.7165,30.9,64,100,6.91,overcast clouds
153,Saint-Francois,FR,2022-03-10 15:40:46,46.4154,3.9054,60.67,42,0,6.91,clear sky
154,Awjilah,LY,2022-03-10 15:40:47,29.1081,21.2869,59.83,34,4,20.76,clear sky
155,Petropavlovsk-Kamchatskiy,RU,2022-03-10 15:40:48,53.0452,158.6483,32.59,60,75,13.42,broken clouds
156,Muroto,JP,2022-03-10 15:40:48,33.2833,134.15,56.43,60,100,7.25,overcast clouds
157,Zemio,CF,2022-03-10 15:40:49,5.0314,25.1361,87.93,37,100,2.68,overcast clouds
158,Prince Rupert,CA,2022-03-10 15:40:49,54.3161,-130.3201,40.69,60,100,19.57,light rain
159,Caravelas,BR,2022-03-10 15:40:50,-17.7125,-39.2481,83.23,64,99,7.38,moderate rain
160,Isoka,ZM,2022-03-10 15:40:50,-10.1606,32.6335,66.76,92,100,0.2,moderate rain
161,Manono,CD,2022-03-10 15:40:51,-7.3,27.4167,77.86,87,99,2.66,overcast clouds
162,Bilma,NE,2022-03-10 15:40:51,18.6853,12.9164,86.49,11,2,15.3,clear sky
163,Wattegama,LK,2022-03-10 15:40:52,6.7989,81.4808,74.05,85,38,3.47,scattered clouds
164,Luderitz,NA,2022-03-10 15:40:52,-26.6481,15.1594,79.05,58,10,11.5,clear sky
165,Bambous Virieux,MU,2022-03-10 15:40:53,-20.3428,57.7575,80.85,83,40,6.91,scattered clouds
166,Dodoma,TZ,2022-03-10 15:40:53,-6.1722,35.7395,82.31,54,40,0.0,scattered clouds
167,Katsuura,JP,2022-03-10 15:40:54,35.1333,140.3,52.79,62,96,6.46,overcast clouds
168,Provideniya,RU,2022-03-10 15:40:54,64.3833,-173.3,10.83,55,0,15.46,clear sky
169,Tilichiki,RU,2022-03-10 15:40:55,60.4667,166.1,3.38,89,32,10.16,scattered clouds
170,San Policarpo,PH,2022-03-10 15:40:55,12.1791,125.5072,79.7,85,83,13.42,broken clouds
171,Tecoanapa,MX,2022-03-10 15:40:56,16.5167,-98.75,81.12,54,2,4.41,clear sky
172,Tasiilaq,GL,2022-03-10 15:40:56,65.6145,-37.6368,22.33,84,100,18.61,light snow
173,Ponta Do Sol,PT,2022-03-10 15:40:57,32.6667,-17.1,69.12,71,25,7.56,scattered clouds
174,Namibe,AO,2022-03-10 15:40:57,-15.1961,12.1522,75.65,74,22,10.87,few clouds
175,Shingu,JP,2022-03-10 15:40:58,33.7333,135.9833,44.4,60,69,5.86,broken clouds
176,Bairiki,KI,2022-03-10 15:41:58,1.3292,172.9752,78.8,89,40,10.36,light rain
177,Umm Lajj,SA,2022-03-10 15:41:59,25.0213,37.2685,72.84,55,100,15.48,overcast clouds
178,Kabompo,ZM,2022-03-10 15:41:59,-13.5927,24.2008,71.47,84,99,2.62,overcast clouds
179,Cacoal,BR,2022-03-10 15:41:59,-11.4386,-61.4472,79.2,86,100,4.92,overcast clouds
180,Hazorasp,UZ,2022-03-10 15:42:00,41.3194,61.0742,55.24,43,100,9.75,overcast clouds
181,Guerrero Negro,MX,2022-03-10 15:42:00,27.9769,-114.0611,60.87,58,0,6.26,clear sky
182,Lavrentiya,RU,2022-03-10 15:42:01,65.5833,-171.0,1.36,69,0,13.69,clear sky
183,Teguise,ES,2022-03-10 15:42:01,29.0605,-13.564,61.02,72,20,17.27,few clouds
184,Severo-Kurilsk,RU,2022-03-10 15:42:02,50.6789,156.125,29.08,94,100,18.32,light snow
185,Kenora,CA,2022-03-10 15:39:45,49.8167,-94.4337,-6.63,77,0,9.22,clear sky
186,Asau,RO,2022-03-10 15:42:03,46.4333,26.4,25.72,84,100,9.15,light snow
187,Saint-Pierre,RE,2022-03-10 15:42:04,-21.3393,55.4781,82.08,77,0,20.71,clear sky
188,Quatre Cocos,MU,2022-03-10 15:42:04,-20.2078,57.7625,80.71,81,1,9.93,clear sky
189,Longonjo,AO,2022-03-10 15:42:05,-12.9067,15.2533,70.9,82,100,2.73,light rain
190,Bongandanga,CD,2022-03-10 15:42:06,1.5,21.05,88.99,49,83,1.12,broken clouds
191,Sur,OM,2022-03-10 15:42:06,22.5667,59.5289,80.78,50,0,6.2,clear sky
192,Ribeira Brava,PT,2022-03-10 15:42:07,32.65,-17.0667,69.12,73,23,8.16,few clouds
193,Ozernovskiy,RU,2022-03-10 15:42:07,51.5,156.5167,29.5,99,100,9.1,light snow
194,Hamilton,US,2022-03-10 15:38:11,39.1834,-84.5333,48.74,60,75,4.61,broken clouds
195,Georgetown,MY,2022-03-10 15:37:09,5.4112,100.3354,82.35,83,20,3.44,few clouds
196,Kloulklubed,PW,2022-03-10 15:42:09,7.0419,134.2556,75.7,80,100,14.85,overcast clouds
197,Cabo San Lucas,MX,2022-03-10 15:37:25,22.8909,-109.9124,68.5,68,0,0.0,clear sky
198,Moundsville,US,2022-03-10 15:42:10,39.9203,-80.7431,44.87,60,68,3.69,broken clouds
199,Ahipara,NZ,2022-03-10 15:42:10,-35.1667,173.1667,62.42,89,11,6.08,few clouds
200,Taltal,CL,2022-03-10 15:42:11,-25.4,-70.4833,69.42,75,45,4.65,scattered clouds
201,Barcelona,ES,2022-03-10 15:39:22,41.3888,2.159,61.84,75,40,12.66,scattered clouds
202,San Quintin,MX,2022-03-10 15:42:12,30.4833,-115.95,57.42,77,18,4.72,few clouds
203,Weilheim,DE,2022-03-10 15:42:12,47.8333,11.15,52.95,60,0,8.7,clear sky
204,Binga,ZW,2022-03-10 15:42:13,-17.6203,27.3414,79.21,68,13,4.21,few clouds
205,Camana,PE,2022-03-10 15:42:13,-16.6228,-72.7111,76.5,72,73,10.16,broken clouds
206,Foix,FR,2022-03-10 15:42:14,42.8333,1.5833,52.09,76,90,0.38,overcast clouds
207,Fuerte,PH,2022-03-10 15:42:14,17.5381,120.3644,77.83,67,71,4.94,broken clouds
208,Iqaluit,CA,2022-03-10 15:42:15,63.7506,-68.5145,-7.31,76,75,0.0,broken clouds
209,Fairbanks,US,2022-03-10 15:40:32,64.8378,-147.7164,21.2,79,100,10.36,light snow
210,Puyang,CN,2022-03-10 15:42:16,29.4603,119.8861,58.98,79,81,2.01,broken clouds
211,Barrow,US,2022-03-10 15:40:01,71.2906,-156.7887,-14.78,84,0,8.05,clear sky
212,Saint George,US,2022-03-10 15:42:14,37.1041,-113.5841,43.63,46,75,20.71,broken clouds
213,Karabulak,RU,2022-03-10 15:42:18,43.3036,44.8964,32.99,89,94,6.31,overcast clouds
214,Cukai,MY,2022-03-10 15:42:18,4.25,103.4167,78.75,88,100,5.66,overcast clouds
215,College,US,2022-03-10 15:42:19,64.8569,-147.8028,21.18,80,100,10.36,light snow
216,Puerto Ayora,EC,2022-03-10 15:42:20,-0.7393,-90.3518,84.16,86,52,4.0,broken clouds
217,Atar,MR,2022-03-10 15:42:20,20.5169,-13.0499,90.93,6,0,13.49,clear sky
218,Victor Harbor,AU,2022-03-10 15:42:21,-35.5667,138.6167,61.0,80,6,11.52,clear sky
219,Sorland,NO,2022-03-10 15:41:48,67.667,12.6934,42.66,87,75,19.57,broken clouds
220,Nouakchott,MR,2022-03-10 15:42:21,18.0858,-15.9785,81.16,31,0,10.27,clear sky
221,Uray,RU,2022-03-10 15:42:22,60.1247,64.7758,-17.23,100,21,2.91,few clouds
222,Chicama,PE,2022-03-10 15:43:23,-7.8447,-79.1469,66.74,57,44,8.57,scattered clouds
223,Marsa Matruh,EG,2022-03-10 15:43:23,31.3525,27.2453,57.4,62,75,24.16,broken clouds
224,Nikolskoye,RU,2022-03-10 15:43:24,59.7035,30.7861,28.29,88,19,5.64,few clouds
225,Mineros,BO,2022-03-10 15:43:24,-17.1167,-63.2333,85.37,62,87,7.56,overcast clouds
226,Sept-Iles,CA,2022-03-10 15:43:24,50.2001,-66.3821,30.72,74,75,12.66,broken clouds
227,Isangel,VU,2022-03-10 15:43:25,-19.55,169.2667,73.51,94,100,3.44,overcast clouds
228,Broome,US,2022-03-10 15:43:25,42.2506,-75.833,42.1,77,0,5.01,clear sky
229,Bonavista,CA,2022-03-10 15:43:26,48.6499,-53.1147,29.28,70,100,14.5,overcast clouds
230,Perpignan,FR,2022-03-10 15:43:26,42.75,2.75,62.24,48,0,8.05,clear sky
231,Ono,JP,2022-03-10 15:43:27,34.85,134.9333,47.14,60,84,1.57,broken clouds
232,Acarau,BR,2022-03-10 15:43:27,-2.8856,-40.12,84.76,67,96,13.62,overcast clouds
233,Sao Joao Do Piaui,BR,2022-03-10 15:43:28,-8.3581,-42.2467,96.06,33,100,6.4,overcast clouds
234,Mount Gambier,AU,2022-03-10 15:43:28,-37.8333,140.7667,48.11,93,75,0.0,broken clouds
235,Dunda,TZ,2022-03-10 15:43:29,-8.1167,34.25,70.75,87,100,1.54,light rain
236,San Patricio,US,2022-03-10 15:43:29,28.017,-97.5169,60.87,69,37,7.85,scattered clouds
237,Half Moon Bay,US,2022-03-10 15:43:30,37.4636,-122.4286,56.3,65,0,11.5,clear sky
238,Launceston,AU,2022-03-10 15:41:38,-41.45,147.1667,51.62,81,6,8.05,clear sky
239,General Roca,AR,2022-03-10 15:43:30,-39.0333,-67.5833,72.3,25,55,10.13,broken clouds
240,Makuyuni,TZ,2022-03-10 15:43:31,-4.7333,38.1,83.71,51,82,5.28,broken clouds
241,Sayyan,YE,2022-03-10 15:43:32,15.1718,44.3244,66.96,17,93,7.25,overcast clouds
242,Caldas Novas,BR,2022-03-10 15:43:32,-17.7417,-48.625,84.83,48,99,5.46,overcast clouds
243,Beloha,MG,2022-03-10 15:43:33,-25.1667,45.05,77.45,83,2,17.49,clear sky
244,Tazovskiy,RU,2022-03-10 15:43:33,67.4667,78.7,3.2,95,100,9.98,overcast clouds
245,Carnarvon,AU,2022-03-10 15:43:33,-24.8667,113.6333,78.87,89,0,5.75,clear sky
246,Fujin,CN,2022-03-10 15:39:26,47.26,132.0322,20.88,85,5,7.67,clear sky
247,Uige,AO,2022-03-10 15:43:34,-7.6087,15.0613,75.0,92,87,3.4,moderate rain
248,Tomohon,ID,2022-03-10 15:43:35,1.3346,124.8392,68.94,93,76,1.3,broken clouds
249,Halifax,CA,2022-03-10 15:39:00,44.6453,-63.5724,38.52,85,40,12.66,scattered clouds
250,Hambantota,LK,2022-03-10 15:43:35,6.1241,81.1185,80.94,94,20,2.3,few clouds
251,Cloquet,US,2022-03-10 15:43:36,46.7216,-92.4594,10.53,59,23,11.5,few clouds
252,Nantucket,US,2022-03-10 15:43:36,41.2835,-70.0995,44.65,86,20,8.05,few clouds
253,Victoria,HK,2022-03-10 15:40:34,22.2855,114.1577,71.19,72,0,11.99,clear sky
254,Norman Wells,CA,2022-03-10 15:43:37,65.282,-126.8329,-23.76,69,75,3.44,broken clouds
255,Belmonte,BR,2022-03-10 15:43:38,-15.8631,-38.8828,84.63,63,17,8.23,few clouds
256,Talnakh,RU,2022-03-10 15:43:38,69.4865,88.3972,-25.8,99,99,5.41,overcast clouds
257,Jumla,NP,2022-03-10 15:43:39,29.2747,82.1838,45.43,74,99,2.77,overcast clouds
258,Sao Filipe,CV,2022-03-10 15:43:39,14.8961,-24.4956,72.55,66,0,10.6,clear sky
259,Okha,RU,2022-03-10 15:43:40,53.5739,142.9478,4.21,98,76,6.26,broken clouds
260,Nagato,JP,2022-03-10 15:39:40,34.3833,131.2,43.2,54,98,6.4,overcast clouds
261,Dingle,PH,2022-03-10 15:43:40,10.9995,122.6711,75.94,94,77,6.69,broken clouds
262,Coihaique,CL,2022-03-10 15:43:41,-45.5752,-72.0662,61.41,67,40,9.22,scattered clouds
263,Miranda,CO,2022-03-10 15:43:41,3.2499,-76.2281,81.64,61,59,4.97,broken clouds
264,Mount Isa,AU,2022-03-10 15:43:42,-20.7333,139.5,89.37,23,40,11.5,light rain
265,Bubaque,GW,2022-03-10 15:43:42,11.2833,-15.8333,76.93,68,100,16.37,overcast clouds
266,Zhigansk,RU,2022-03-10 15:43:43,66.7697,123.3711,-12.51,97,100,5.03,overcast clouds
267,Zhangzhou,CN,2022-03-10 15:43:43,24.5133,117.6556,58.93,80,0,1.74,clear sky
268,Diego De Almagro,CL,2022-03-10 15:43:44,-26.3667,-70.05,78.82,32,0,9.6,clear sky
269,Aliwal North,ZA,2022-03-10 15:44:44,-30.6937,26.7114,75.92,41,92,4.74,overcast clouds
270,Nata,PA,2022-03-10 15:44:44,8.3333,-80.5167,82.27,38,0,9.69,clear sky
271,Vardo,NO,2022-03-10 15:44:45,70.3705,31.1107,28.38,86,97,35.68,overcast clouds
272,Toccoa,US,2022-03-10 15:44:45,34.5773,-83.3324,52.18,79,100,0.0,overcast clouds
273,Ayan,RU,2022-03-10 15:44:46,56.45,138.1667,9.03,81,100,5.46,overcast clouds
274,Mayo,US,2022-03-10 15:44:46,38.8876,-76.5119,48.13,74,0,9.22,clear sky
275,Magadan,RU,2022-03-10 15:44:47,59.5667,150.8,9.54,82,100,9.42,overcast clouds
276,Darhan,MN,2022-03-10 15:44:47,49.4867,105.9228,16.93,90,14,1.16,few clouds
277,Richards Bay,ZA,2022-03-10 15:44:48,-28.783,32.0377,78.03,77,3,7.99,clear sky
278,Victoria Point,AU,2022-03-10 15:44:48,-27.5833,153.3,72.45,93,84,4.0,broken clouds
279,Omboue,GA,2022-03-10 15:44:48,-1.5746,9.2618,81.16,79,100,9.89,light rain
280,Noumea,NC,2022-03-10 15:42:58,-22.2763,166.4572,80.01,99,47,0.16,scattered clouds
281,East London,ZA,2022-03-10 15:43:57,-33.0153,27.9116,77.94,78,0,18.41,clear sky
282,Bezhetsk,RU,2022-03-10 15:44:49,57.7851,36.6965,15.78,94,78,4.07,broken clouds
283,Dauriya,RU,2022-03-10 15:44:50,49.9333,116.8667,14.63,69,0,19.26,clear sky
284,Ballitoville,ZA,2022-03-10 15:44:50,-29.539,31.2144,80.74,74,20,5.75,few clouds
285,Nizwa,OM,2022-03-10 15:43:12,22.9333,57.5333,83.14,20,1,1.88,clear sky
286,Sarh,TD,2022-03-10 15:44:51,9.1429,18.3923,96.71,26,20,16.11,few clouds
287,Amuntai,ID,2022-03-10 15:44:52,-2.4177,115.2494,75.96,96,99,2.71,overcast clouds
288,Cockburn Town,TC,2022-03-10 15:44:52,21.4612,-71.1419,80.56,61,40,11.5,scattered clouds
289,Sibolga,ID,2022-03-10 15:44:53,1.7427,98.7792,76.75,90,100,2.95,overcast clouds
290,Carutapera,BR,2022-03-10 15:44:53,-1.195,-46.02,82.74,79,99,3.27,overcast clouds
291,Inhambane,MZ,2022-03-10 15:44:54,-23.865,35.3833,85.98,62,40,6.91,scattered clouds
292,Bethel,US,2022-03-10 15:44:54,41.3712,-73.414,42.89,85,100,3.44,overcast clouds
293,San Juan De Los Morros,VE,2022-03-10 15:44:55,9.9115,-67.3538,86.79,48,78,4.16,broken clouds
294,Oranjemund,NA,2022-03-10 15:44:56,-28.55,16.4333,71.6,68,6,19.15,clear sky
295,Biu,NG,2022-03-10 15:44:56,10.6129,12.1946,97.16,10,33,10.87,scattered clouds
296,Saint-Paul,RE,2022-03-10 15:35:37,-21.0096,55.2707,82.51,85,22,0.92,light rain
297,Fortuna,US,2022-03-10 15:44:57,40.5982,-124.1573,44.65,96,100,0.0,overcast clouds
298,Polunochnoye,RU,2022-03-10 15:44:58,60.8697,60.4153,-7.06,100,89,0.18,overcast clouds
299,Nordhausen,DE,2022-03-10 15:44:59,51.5167,10.8,52.68,32,3,11.18,clear sky
300,Ponferrada,ES,2022-03-10 15:44:59,42.5466,-6.5962,57.45,65,100,3.0,overcast clouds
301,Bayonet Point,US,2022-03-10 15:45:00,28.3267,-82.6834,82.94,88,71,11.27,broken clouds
302,Naze,JP,2022-03-10 15:45:01,28.3667,129.4833,57.85,61,92,7.38,overcast clouds
303,Emerald,AU,2022-03-10 15:43:36,-23.5333,148.1667,73.54,100,27,0.0,scattered clouds
304,Telimele,GN,2022-03-10 15:45:01,10.9167,-13.3333,103.89,12,86,2.08,overcast clouds
305,Doha,QA,2022-03-10 15:39:10,25.2867,51.5333,80.91,65,0,13.8,clear sky
306,Faya,SA,2022-03-10 15:45:03,18.3851,42.4509,75.31,46,42,8.25,scattered clouds
307,Bathsheba,BB,2022-03-10 15:45:03,13.2167,-59.5167,83.01,74,40,26.46,scattered clouds
308,Namatanai,PG,2022-03-10 15:45:04,-3.6667,152.4333,79.05,79,100,2.26,overcast clouds
309,Nizhniy Tsasuchey,RU,2022-03-10 15:45:05,50.5167,115.1333,17.15,56,1,14.41,clear sky
310,Lahaina,US,2022-03-10 15:45:06,20.8783,-156.6825,75.81,83,1,2.28,clear sky
311,Agadez,NE,2022-03-10 15:45:06,19.75,10.25,80.46,14,52,13.2,broken clouds
312,Nhulunbuy,AU,2022-03-10 15:45:07,-12.2333,136.7667,83.01,83,9,0.0,clear sky
313,Oussouye,SN,2022-03-10 15:45:07,12.485,-16.5469,102.38,21,52,13.78,broken clouds
314,Ous,RU,2022-03-10 15:45:08,60.9058,61.5186,-7.42,100,85,3.06,overcast clouds
315,Urengoy,RU,2022-03-10 15:46:08,65.9667,78.3667,1.72,96,100,7.96,overcast clouds
316,Aklavik,CA,2022-03-10 15:46:09,68.2191,-135.0107,-16.6,76,75,0.0,broken clouds
317,Bend,US,2022-03-10 15:42:36,44.0582,-121.3153,24.6,67,0,6.91,clear sky
318,Eresos,GR,2022-03-10 15:46:10,39.1667,25.9333,41.52,55,94,32.82,overcast clouds
319,Oga,IT,2022-03-10 15:46:10,46.4631,10.347,44.37,69,0,3.65,clear sky
320,Arraial Do Cabo,BR,2022-03-10 15:46:11,-22.9661,-42.0278,89.56,65,0,18.41,clear sky
321,Trairi,BR,2022-03-10 15:42:33,-3.2778,-39.2689,85.57,65,99,10.16,overcast clouds
322,Lagoa,PT,2022-03-10 15:45:39,39.05,-27.9833,56.62,62,100,29.75,overcast clouds
323,Igarka,RU,2022-03-10 15:46:12,67.4667,86.5833,-29.78,100,97,2.37,overcast clouds
324,Faanui,PF,2022-03-10 15:46:13,-16.4833,-151.75,79.81,77,80,11.83,light rain
325,Luau,AO,2022-03-10 15:46:13,-10.7073,22.2247,73.63,87,80,2.84,light rain
326,Andenes,NO,2022-03-10 15:46:14,69.3143,16.1194,40.98,70,75,35.68,broken clouds
327,Biloela,AU,2022-03-10 15:46:14,-24.4167,150.5,72.28,87,100,7.25,overcast clouds
328,Vao,NC,2022-03-10 15:46:15,-22.6667,167.4833,79.11,79,54,12.97,broken clouds
329,Hervey Bay,AU,2022-03-10 15:46:15,-25.2986,152.8535,76.01,85,100,7.0,overcast clouds
330,Abalak,RU,2022-03-10 15:46:16,58.1286,68.5944,-3.05,99,100,4.45,overcast clouds
331,Turukhansk,RU,2022-03-10 15:46:16,65.8167,87.9833,-25.15,100,98,4.61,overcast clouds
332,Pisco,PE,2022-03-10 15:46:17,-13.7,-76.2167,73.45,73,0,5.75,clear sky
333,Bom Jesus,BR,2022-03-10 15:46:17,-9.0744,-44.3586,92.93,42,82,4.5,broken clouds
334,Te Anau,NZ,2022-03-10 15:46:18,-45.4167,167.7167,54.91,84,100,2.44,overcast clouds
335,Port Macquarie,AU,2022-03-10 15:46:18,-31.4333,152.9167,66.88,76,99,7.76,overcast clouds
336,La Roche-Sur-Yon,FR,2022-03-10 15:46:19,46.6667,-1.4333,53.87,82,100,10.36,light rain
337,Lalibela,ET,2022-03-10 15:46:19,12.0333,39.0333,72.91,25,66,10.27,broken clouds
338,Eirunepe,BR,2022-03-10 15:46:20,-6.6603,-69.8736,83.98,73,99,1.92,overcast clouds
339,Opuwo,NA,2022-03-10 15:46:20,-18.0607,13.84,82.72,42,84,13.29,broken clouds
340,Domna,RU,2022-03-10 15:46:21,51.8971,113.1573,15.96,35,0,4.47,clear sky
341,Nalut,LY,2022-03-10 15:46:22,30.3333,10.85,62.28,23,98,7.96,overcast clouds
342,Florence,IT,2022-03-10 15:41:56,43.7667,11.25,62.29,32,0,5.75,clear sky
343,Bhag,PK,2022-03-10 15:46:23,29.0415,67.8239,83.28,31,0,2.75,clear sky
344,Riyadh,SA,2022-03-10 15:46:23,24.6877,46.7219,96.94,10,21,15.97,few clouds
345,Shelburne,CA,2022-03-10 15:45:15,44.0787,-80.2041,31.91,69,99,8.52,overcast clouds
346,Mezen,RU,2022-03-10 15:46:25,65.8522,44.24,22.1,90,100,12.26,overcast clouds
347,Merauke,ID,2022-03-10 15:46:25,-8.4667,140.3333,79.84,85,100,6.71,overcast clouds
348,Melfort,CA,2022-03-10 15:46:26,52.8667,-104.6177,5.13,78,100,13.8,overcast clouds
349,Fomboni,KM,2022-03-10 15:46:27,-12.28,43.7425,78.19,86,100,4.34,light rain
350,Oyabe,JP,2022-03-10 15:46:27,36.676,136.8672,37.89,67,0,3.65,clear sky
351,Kolokani,ML,2022-03-10 15:46:28,13.5728,-8.0339,100.38,9,85,7.45,overcast clouds
352,Batagay,RU,2022-03-10 15:46:29,67.6333,134.6333,-6.29,95,100,1.66,overcast clouds
353,Bandarbeyla,SO,2022-03-10 15:46:29,9.4942,50.8122,78.71,66,100,11.43,overcast clouds
354,Aykhal,RU,2022-03-10 15:46:30,66.0,111.5,0.61,99,100,4.25,overcast clouds
355,Arteaga,MX,2022-03-10 15:46:30,18.4667,-102.4167,75.34,16,0,2.59,clear sky
356,Bud,US,2022-03-10 15:46:31,39.447,-86.1758,44.74,65,87,6.67,overcast clouds
357,Tokur,RU,2022-03-10 15:46:32,53.1333,132.9,10.4,97,100,5.97,light snow
358,Ancud,CL,2022-03-10 15:46:32,-41.8697,-73.8203,59.23,72,84,3.31,broken clouds
359,Gilbues,BR,2022-03-10 15:46:33,-9.8317,-45.3439,91.47,42,73,4.68,broken clouds
360,Kavieng,PG,2022-03-10 15:46:33,-2.5744,150.7967,81.55,75,95,3.74,overcast clouds
361,Flinders,AU,2022-03-10 15:46:34,-34.5833,150.8552,64.18,78,91,8.99,overcast clouds
362,Bilibino,RU,2022-03-10 15:47:34,68.0546,166.4372,-5.96,86,6,4.85,clear sky
363,Saldanha,ZA,2022-03-10 15:47:35,-33.0117,17.9442,82.45,78,19,19.22,few clouds
364,Rincon,US,2022-03-10 15:47:35,32.296,-81.2354,67.95,88,100,8.05,overcast clouds
365,Margate,GB,2022-03-10 15:47:36,51.3813,1.3862,56.3,61,43,1.99,scattered clouds
366,Tuatapere,NZ,2022-03-10 15:47:36,-46.1333,167.6833,58.78,79,100,6.42,overcast clouds
367,Vanimo,PG,2022-03-10 15:47:37,-2.6741,141.3028,77.29,85,100,2.48,overcast clouds
368,Kysyl-Syr,RU,2022-03-10 15:47:37,63.8986,122.7617,-26.25,100,81,1.74,broken clouds
369,Chamouny,MU,2022-03-10 15:47:38,-20.4822,57.4661,79.83,83,7,7.96,clear sky
370,Xining,CN,2022-03-10 15:47:38,36.6167,101.7667,48.92,25,24,2.33,few clouds
371,Jieshi,CN,2022-03-10 15:47:39,22.8134,115.8257,66.56,77,0,5.77,clear sky
372,Jalu,LY,2022-03-10 15:47:40,29.0331,21.5482,60.04,33,5,20.89,clear sky
373,Skjervoy,NO,2022-03-10 15:47:40,70.0311,20.9714,44.6,73,61,28.95,broken clouds
374,San Cristobal,VE,2022-03-10 15:47:41,7.7669,-72.225,71.78,52,39,5.08,scattered clouds
375,Qazvin,IR,2022-03-10 15:47:41,36.2797,50.0049,60.42,48,75,4.61,broken clouds
376,Krasnokamensk,RU,2022-03-10 15:47:42,50.0979,118.0369,16.27,67,2,20.29,clear sky
377,Uarini,BR,2022-03-10 15:47:42,-2.99,-65.1083,84.43,70,89,5.37,overcast clouds
378,Savonlinna,FI,2022-03-10 15:47:43,61.8699,28.88,30.25,64,0,10.36,clear sky
379,Labrea,BR,2022-03-10 15:47:44,-7.2586,-64.7981,77.76,94,100,1.88,overcast clouds
380,Carballo,ES,2022-03-10 15:47:44,43.213,-8.691,61.43,80,75,12.59,broken clouds
381,Buala,SB,2022-03-10 15:47:45,-8.145,159.5921,79.14,82,35,3.15,scattered clouds
382,Hirara,JP,2022-03-10 15:47:45,24.8,125.2833,67.82,67,100,14.83,overcast clouds
383,Novaya Malykla,RU,2022-03-10 15:47:46,54.2,49.95,12.27,89,96,12.82,overcast clouds
384,Makat,KZ,2022-03-10 15:47:46,47.6469,53.3463,31.03,97,100,16.15,light snow
385,Imeni Vorovskogo,RU,2022-03-10 15:47:47,55.7233,38.3414,23.25,89,11,6.62,few clouds
386,Oudtshoorn,ZA,2022-03-10 15:47:48,-33.5907,22.2014,70.16,58,0,10.31,clear sky
387,Rocha,UY,2022-03-10 15:47:48,-34.4833,-54.3333,74.17,64,100,13.13,overcast clouds
388,Manbij,SY,2022-03-10 15:47:49,36.5281,37.9549,48.76,76,100,14.05,overcast clouds
389,Allonnes,FR,2022-03-10 15:47:49,47.9674,0.1581,57.24,67,75,8.05,broken clouds
390,Codrington,AU,2022-03-10 15:47:50,-38.2667,141.9667,55.11,83,11,7.09,few clouds
391,Tubuala,PA,2022-03-10 15:47:50,9.5167,-79.0333,80.83,72,21,7.74,few clouds
392,Srednekolymsk,RU,2022-03-10 15:47:51,67.45,153.6833,-8.28,100,94,6.11,overcast clouds
393,Krivodol,BG,2022-03-10 15:47:51,43.3744,23.4844,36.57,45,90,4.61,overcast clouds
394,Sarangani,PH,2022-03-10 15:47:52,5.4033,125.4636,82.49,77,69,7.63,broken clouds
395,Lilongwe,MW,2022-03-10 15:47:31,-13.9669,33.7873,68.79,92,100,3.74,light rain
396,Pochutla,MX,2022-03-10 15:47:53,15.7432,-96.4661,87.82,35,3,6.29,clear sky
397,Banjar,ID,2022-03-10 15:47:53,-8.19,114.9675,78.19,90,100,4.03,overcast clouds
398,Udachnyy,RU,2022-03-10 15:47:54,66.4167,112.4,2.44,70,100,3.0,overcast clouds
399,Diffa,NE,2022-03-10 15:47:54,13.3154,12.6113,94.39,12,33,15.79,scattered clouds
400,Simdega,IN,2022-03-10 15:47:55,22.6167,84.5167,74.5,24,57,7.96,broken clouds
401,Lima,PE,2022-03-10 15:47:55,-12.0432,-77.0282,75.38,75,40,6.91,scattered clouds
402,Abu Dhabi,AE,2022-03-10 15:47:55,24.4667,54.3667,91.51,46,0,8.05,clear sky
403,Santa Maria,BR,2022-03-10 15:47:56,-29.6842,-53.8069,76.3,78,75,12.66,moderate rain
404,Gawler,AU,2022-03-10 15:47:56,-34.6,138.7333,63.48,66,24,5.21,few clouds
405,Gat,IL,2022-03-10 15:47:57,31.61,34.7642,59.81,35,14,11.34,few clouds
406,Rafai,CF,2022-03-10 15:47:57,4.95,23.9167,81.14,57,96,6.44,light rain
407,Zhanakorgan,KZ,2022-03-10 15:48:58,43.9098,67.2495,50.76,47,100,9.73,overcast clouds
408,Pasighat,IN,2022-03-10 15:44:04,28.0667,95.3333,73.44,40,0,4.32,clear sky
409,Mbulu,TZ,2022-03-10 15:48:59,-3.85,35.5333,65.52,58,83,4.99,broken clouds
410,Kiunga,PG,2022-03-10 15:49:00,-6.1219,141.2906,71.53,100,100,2.39,moderate rain
411,Clarksburg,US,2022-03-10 15:49:00,39.2807,-80.3445,46.31,62,65,4.45,broken clouds
412,Solo,PH,2022-03-10 15:49:01,13.7469,120.9012,77.38,85,89,10.22,overcast clouds
413,Areia Branca,BR,2022-03-10 15:49:01,-4.9561,-37.1369,95.2,63,99,15.66,overcast clouds
414,Male,MV,2022-03-10 15:49:02,4.1748,73.5089,84.15,74,20,9.22,few clouds
415,Aripuana,BR,2022-03-10 15:49:02,-9.1667,-60.6333,75.74,94,97,3.91,overcast clouds
416,Mahebourg,MU,2022-03-10 15:49:03,-20.4081,57.7,80.89,83,40,6.91,scattered clouds
417,Middelburg,ZA,2022-03-10 15:49:03,-25.7751,29.4648,74.55,47,100,9.57,overcast clouds
418,Roura,GF,2022-03-10 15:49:04,4.7263,-52.3274,84.11,70,40,14.97,scattered clouds
419,Lorengau,PG,2022-03-10 15:49:04,-2.0226,147.2712,79.7,79,96,1.45,overcast clouds
420,Bell Ville,AR,2022-03-10 15:49:05,-32.6259,-62.6887,77.81,51,46,10.38,scattered clouds
421,Ust-Kuyga,RU,2022-03-10 15:49:05,70.0167,135.6,-13.49,94,100,2.98,overcast clouds
422,Kununurra,AU,2022-03-10 15:45:13,-15.7667,128.7333,80.58,89,75,2.3,broken clouds
423,Inyonga,TZ,2022-03-10 15:49:06,-6.7167,32.0667,71.02,87,95,3.83,overcast clouds
424,Yaviza,PA,2022-03-10 15:49:07,8.1537,-77.6931,87.64,58,37,1.66,scattered clouds
425,Waitati,NZ,2022-03-10 15:49:07,-45.75,170.5667,57.0,98,80,6.17,broken clouds
426,Constantine,DZ,2022-03-10 15:49:08,36.365,6.6147,60.21,47,40,13.8,scattered clouds
427,Orel-Izumrud,RU,2022-03-10 15:49:08,43.4583,39.9244,42.82,60,100,11.18,overcast clouds
428,Shakiso,ET,2022-03-10 15:49:09,5.75,38.9167,75.13,27,100,8.14,overcast clouds
429,Quthing,LS,2022-03-10 15:49:10,-30.4,27.7003,73.6,45,37,6.08,scattered clouds
430,Rorvik,NO,2022-03-10 15:49:11,64.8621,11.2373,41.11,100,75,8.05,light rain
431,Hasaki,JP,2022-03-10 15:49:12,35.7333,140.8333,43.2,63,19,7.05,few clouds
432,Lillooet,CA,2022-03-10 15:49:12,50.6856,-121.942,26.56,70,77,2.57,broken clouds
433,Dores Do Indaia,BR,2022-03-10 15:49:13,-19.4633,-45.6017,84.63,48,3,3.83,clear sky
434,Uvira,CD,2022-03-10 15:49:12,-3.4067,29.1458,82.53,80,83,7.9,broken clouds
435,Weligama,LK,2022-03-10 15:49:14,5.9667,80.4167,78.19,84,22,0.49,few clouds
436,Daru,PG,2022-03-10 15:49:14,-9.0763,143.2092,78.87,88,99,5.48,overcast clouds
437,Alekseyevsk,RU,2022-03-10 15:49:15,57.8406,108.3492,-9.89,100,91,3.49,overcast clouds
438,Iringa,TZ,2022-03-10 15:49:00,-7.7667,35.7,67.32,83,75,5.75,light rain
439,Yumen,CN,2022-03-10 15:49:15,40.2833,97.2,44.87,32,34,3.15,scattered clouds
440,Manggar,ID,2022-03-10 15:49:16,-2.8833,108.2667,79.09,87,73,7.16,broken clouds
441,Yoichi,JP,2022-03-10 15:49:16,43.2039,140.7703,32.79,78,58,8.59,broken clouds
442,Macapa,BR,2022-03-10 15:48:39,0.0389,-51.0664,84.18,79,75,9.22,broken clouds
443,La Romana,DO,2022-03-10 15:45:06,18.4273,-68.9728,84.56,70,75,16.11,broken clouds
444,Thinadhoo,MV,2022-03-10 15:49:18,0.5333,72.9333,82.78,64,12,6.02,few clouds
445,Litovko,RU,2022-03-10 15:49:19,49.2361,135.1742,30.09,99,100,2.68,light snow
446,Mecca,SA,2022-03-10 15:48:15,21.4267,39.8261,82.0,48,0,16.58,clear sky
447,Sarkand,KZ,2022-03-10 15:49:19,45.41,79.9186,34.54,81,96,3.15,overcast clouds
448,Pointe Michel,DM,2022-03-10 15:49:20,15.25,-61.3833,80.89,83,75,3.44,broken clouds
449,Hami,CN,2022-03-10 15:48:15,42.8,93.45,50.4,33,100,1.83,overcast clouds
450,Plettenberg Bay,ZA,2022-03-10 15:49:21,-34.0527,23.3716,70.57,82,22,8.19,few clouds
451,Hyeres,FR,2022-03-10 15:49:14,43.1167,6.1167,59.65,64,75,10.36,broken clouds
452,Krutinka,RU,2022-03-10 15:50:22,56.0055,71.5113,0.88,95,100,5.55,overcast clouds
453,Mitu,CO,2022-03-10 15:50:23,1.1983,-70.1733,85.21,63,95,3.09,overcast clouds
454,Tarauaca,BR,2022-03-10 15:50:23,-8.1614,-70.7656,88.25,55,93,2.13,overcast clouds
455,Moron,AR,2022-03-10 15:50:24,-34.6534,-58.6198,77.02,74,69,7.34,broken clouds
456,Whitehorse,CA,2022-03-10 15:50:24,60.7161,-135.0538,22.8,57,100,17.27,overcast clouds
457,Tel Aviv-Yafo,IL,2022-03-10 15:50:25,32.0805,34.7805,61.11,62,20,10.36,few clouds
458,Marica,BR,2022-03-10 15:50:25,-22.9194,-42.8186,93.15,64,3,9.01,clear sky
459,Sakakah,SA,2022-03-10 15:50:26,29.9697,40.2064,74.77,41,60,7.65,broken clouds
460,Ferme-Neuve,CA,2022-03-10 15:50:26,46.7001,-75.4493,24.58,76,65,9.89,broken clouds
461,Mirnyy,RU,2022-03-10 15:50:27,62.5353,113.9611,-16.98,98,99,3.4,overcast clouds
462,Banfora,BF,2022-03-10 15:50:27,10.6333,-4.7667,104.2,8,93,5.32,overcast clouds
463,Burnie,AU,2022-03-10 15:50:28,-41.0667,145.9167,54.91,84,3,7.49,clear sky
464,Angoram,PG,2022-03-10 15:50:29,-4.0625,144.0661,73.29,97,91,0.74,overcast clouds
465,Ust-Nera,RU,2022-03-10 15:50:29,64.5667,143.2,7.88,98,100,3.69,overcast clouds
466,Pahrump,US,2022-03-10 15:50:30,36.2083,-115.9839,51.26,31,80,17.0,broken clouds
467,Nikolayevsk-Na-Amure,RU,2022-03-10 15:50:31,53.1406,140.73,20.52,97,100,4.52,overcast clouds
468,Nivala,FI,2022-03-10 15:50:31,63.9167,24.9667,34.68,81,92,13.31,overcast clouds
469,Natal,BR,2022-03-10 15:50:32,-5.795,-35.2094,89.82,62,40,18.41,scattered clouds
470,Talen,IN,2022-03-10 15:50:32,23.5667,76.7167,77.77,29,46,7.99,scattered clouds
471,Dubti,ET,2022-03-10 15:49:16,11.7361,41.0853,91.35,29,42,15.97,scattered clouds
472,Nowy Dwor Gdanski,PL,2022-03-10 15:50:34,54.2131,19.1177,38.97,42,7,7.34,clear sky
473,Limbang,MY,2022-03-10 15:50:34,4.75,115.0,78.06,97,100,2.3,overcast clouds
474,Venustiano Carranza,MX,2022-03-10 15:50:35,19.43,-99.0992,67.98,28,0,4.61,clear sky
475,Zaysan,KZ,2022-03-10 15:50:35,47.4667,84.8667,27.32,88,92,3.69,overcast clouds
476,Sainte-Marie,RE,2022-03-10 15:50:36,-20.8968,55.5496,82.56,83,40,12.66,scattered clouds
477,Vagur,FO,2022-03-10 15:50:36,61.4732,-6.8119,43.92,86,100,23.0,overcast clouds
478,Comodoro Rivadavia,AR,2022-03-10 15:50:37,-45.8667,-67.5,64.26,45,20,13.8,few clouds
479,Gillette,US,2022-03-10 15:50:38,44.2911,-105.5022,10.11,63,0,14.97,clear sky
480,Kiruna,SE,2022-03-10 15:50:38,67.8557,20.2251,29.32,74,0,8.05,clear sky
481,Khasan,RU,2022-03-10 15:50:39,42.4308,130.6434,39.83,77,44,4.36,scattered clouds
482,Porbandar,IN,2022-03-10 15:50:39,21.6422,69.6093,79.63,49,0,13.4,clear sky
483,Kudahuvadhoo,MV,2022-03-10 15:50:40,2.6708,72.8944,83.05,69,7,10.83,clear sky
484,Morozovsk,RU,2022-03-10 15:50:40,48.3539,41.8261,25.05,85,77,6.58,broken clouds
485,Ishigaki,JP,2022-03-10 15:50:41,24.3448,124.1572,69.58,66,100,14.79,overcast clouds
486,Itoman,JP,2022-03-10 15:50:41,26.1247,127.6694,68.77,57,75,9.22,broken clouds
487,Jaciara,BR,2022-03-10 15:50:42,-15.9653,-54.9683,82.87,74,58,4.43,broken clouds
488,Chokurdakh,RU,2022-03-10 15:50:42,70.6333,147.9167,-6.0,97,100,3.69,overcast clouds
489,Severo-Yeniseyskiy,RU,2022-03-10 15:50:43,60.3725,93.0408,-20.47,100,98,2.86,overcast clouds
490,Dagda,LV,2022-03-10 15:50:44,56.0951,27.5372,22.5,68,5,2.1,clear sky
491,Hualmay,PE,2022-03-10 15:50:44,-11.0964,-77.6139,76.3,74,95,10.09,overcast clouds
492,Visby,SE,2022-03-10 15:50:45,57.6409,18.296,37.62,52,0,11.5,clear sky
493,Westport,US,2022-03-10 15:48:12,41.1415,-73.3579,43.29,79,0,7.0,clear sky
494,Lata,PT,2022-03-10 15:50:46,40.1629,-8.3327,59.07,77,100,10.58,overcast clouds
495,Gouyave,GD,2022-03-10 15:50:46,12.1646,-61.7296,84.97,66,40,23.02,scattered clouds
496,Camopi,GF,2022-03-10 15:51:47,3.1655,-52.3158,79.48,87,100,2.89,overcast clouds
497,Quixada,BR,2022-03-10 15:51:48,-4.9714,-39.0153,95.32,36,100,8.88,overcast clouds
498,Boden,SE,2022-03-10 15:51:48,65.8252,21.6886,39.2,89,100,5.01,overcast clouds
499,Bitkine,TD,2022-03-10 15:51:49,11.9801,18.2138,104.23,6,18,12.57,few clouds
500,Talakan,RU,2022-03-10 15:51:49,50.3167,130.3667,23.41,95,97,8.79,light snow
501,Encruzilhada Do Sul,BR,2022-03-10 15:51:50,-30.5439,-52.5219,67.33,98,100,4.52,overcast clouds
502,Port-Gentil,GA,2022-03-10 15:51:50,-0.7193,8.7815,85.96,74,20,9.22,few clouds
503,Kashan,IR,2022-03-10 15:51:51,33.9831,51.4364,70.03,36,99,7.49,overcast clouds
504,Gweta,BW,2022-03-10 15:51:51,-20.1833,25.2333,85.44,33,72,8.32,broken clouds
505,Indramayu,ID,2022-03-10 15:51:52,-6.3264,108.32,80.28,81,88,3.62,overcast clouds
506,Axim,GH,2022-03-10 15:51:52,4.8699,-2.2405,85.55,71,95,12.53,overcast clouds
507,Nurota,UZ,2022-03-10 15:51:53,40.5614,65.6886,60.19,49,100,16.93,overcast clouds
508,Auki,SB,2022-03-10 15:51:54,-8.7676,160.7034,77.2,87,29,2.28,scattered clouds
509,Tigil,RU,2022-03-10 15:51:54,57.8,158.6667,12.29,92,100,3.56,overcast clouds
510,Yabrud,SY,2022-03-10 15:51:55,33.9674,36.6574,36.63,93,45,21.23,scattered clouds
511,Zeya,RU,2022-03-10 15:51:55,53.75,127.2667,20.55,77,100,11.32,overcast clouds
512,Reconquista,AR,2022-03-10 15:51:56,-29.15,-59.65,68.02,94,100,8.05,moderate rain
513,Nome,US,2022-03-10 15:48:06,64.5011,-165.4064,21.27,63,0,31.07,light snow
514,Nijar,ES,2022-03-10 15:51:56,36.9665,-2.206,59.65,67,0,9.22,clear sky
515,Berdigestyakh,RU,2022-03-10 15:51:57,62.0989,126.6992,-17.03,100,100,0.96,overcast clouds
516,Porto Novo,BJ,2022-03-10 15:51:58,6.4965,2.6036,88.63,64,100,12.88,overcast clouds
517,Nuuk,GL,2022-03-10 15:49:33,64.1835,-51.7216,12.81,67,75,8.05,broken clouds
518,Karasjok,NO,2022-03-10 15:51:58,69.4719,25.5112,27.52,88,100,8.5,overcast clouds
519,Yertsevo,RU,2022-03-10 15:51:59,60.7966,40.086,19.89,93,100,5.32,overcast clouds
520,Umrala,IN,2022-03-10 15:51:59,21.8333,71.8167,86.38,19,0,9.66,clear sky
521,Prudentopolis,BR,2022-03-10 15:52:00,-25.2131,-50.9778,81.82,53,98,4.43,overcast clouds
522,Boa Vista,BR,2022-03-10 15:52:00,2.8197,-60.6733,84.18,61,75,11.5,broken clouds
523,Qaqortoq,GL,2022-03-10 15:52:01,60.7167,-46.0333,8.69,63,0,3.76,clear sky
524,Narasannapeta,IN,2022-03-10 15:52:02,18.4167,84.05,75.58,75,2,3.09,clear sky
525,Sao Gabriel Da Cachoeira,BR,2022-03-10 15:52:02,-0.1303,-67.0892,87.6,70,40,10.36,scattered clouds
526,Roma,US,2022-03-10 15:51:39,43.2128,-75.4557,37.72,87,99,3.0,light rain
527,Kiama,AU,2022-03-10 15:52:03,-34.6833,150.8667,64.38,80,94,1.01,overcast clouds
528,Sturgeon Falls,CA,2022-03-10 15:52:03,46.3646,-79.9326,25.12,76,74,9.73,broken clouds
529,Ixtapa,MX,2022-03-10 15:52:04,20.7,-105.2,76.86,36,35,2.62,scattered clouds
530,Tommot,RU,2022-03-10 15:52:05,58.9564,126.2925,-11.87,100,97,1.19,overcast clouds
531,Araouane,ML,2022-03-10 15:52:06,18.9048,-3.5265,91.36,5,5,7.43,clear sky
532,Manokwari,ID,2022-03-10 15:52:06,-0.8667,134.0833,78.26,83,82,3.06,broken clouds
533,Poronaysk,RU,2022-03-10 15:52:07,49.2167,143.1167,21.33,98,100,2.91,overcast clouds
534,Zhezkazgan,KZ,2022-03-10 15:52:08,47.8043,67.7144,19.63,84,100,11.95,overcast clouds
535,Puerto Madryn,AR,2022-03-10 15:50:56,-42.7692,-65.0385,68.0,39,42,12.55,scattered clouds
536,Demba,CD,2022-03-10 15:52:09,-5.51,22.2667,79.9,67,98,3.18,overcast clouds
537,Sao Luis,BR,2022-03-10 15:52:10,-2.5297,-44.3028,80.8,94,75,2.3,broken clouds
538,Gejiu,CN,2022-03-10 15:52:10,23.306,103.1635,50.5,91,28,5.66,scattered clouds
539,Port Augusta,AU,2022-03-10 15:47:34,-32.5,137.7667,65.19,50,3,6.96,clear sky
540,Rabaul,PG,2022-03-10 15:52:11,-4.1967,152.1721,80.04,78,97,2.66,overcast clouds
541,Pontes E Lacerda,BR,2022-03-10 15:52:12,-15.2261,-59.3353,76.32,92,100,1.57,overcast clouds
542,Nikko,JP,2022-03-10 15:53:13,36.75,139.6167,31.82,80,18,4.79,few clouds
543,Moranbah,AU,2022-03-10 15:53:13,-22.0016,148.0466,74.14,83,56,8.43,broken clouds
544,Jaru,BR,2022-03-10 15:49:10,-10.4389,-62.4664,78.64,90,100,4.47,overcast clouds
545,Broken Hill,AU,2022-03-10 15:53:14,-31.95,141.4333,62.31,34,88,9.22,overcast clouds
546,Sangar,RU,2022-03-10 15:53:15,63.9242,127.4739,-21.42,100,96,2.95,overcast clouds
547,Sandpoint,US,2022-03-10 15:53:15,48.2766,-116.5533,26.42,67,100,0.0,overcast clouds
548,Camacha,PT,2022-03-10 15:53:16,33.0833,-16.3333,63.82,63,40,9.22,scattered clouds
549,Ixcatepec,MX,2022-03-10 15:53:17,21.2,-97.95,69.71,67,18,2.82,few clouds
550,Zlitan,LY,2022-03-10 15:53:17,32.4674,14.5687,56.21,53,24,9.57,few clouds
551,Nemuro,JP,2022-03-10 15:53:18,43.3236,145.575,31.14,89,4,7.92,clear sky
552,Teya,RU,2022-03-10 15:53:18,60.3778,92.6267,-20.69,100,73,2.33,broken clouds
553,Meadow Lake,US,2022-03-10 15:53:19,34.8014,-106.5436,47.57,32,94,7.05,overcast clouds
554,Kavaratti,IN,2022-03-10 15:53:20,10.5669,72.642,82.65,71,0,8.86,clear sky
555,Blagoveshchenka,RU,2022-03-10 15:53:20,52.8333,79.8667,8.29,93,100,7.58,overcast clouds
556,Galveston,US,2022-03-10 15:53:21,29.3669,-94.9669,61.03,80,3,7.67,clear sky
557,Pangnirtung,CA,2022-03-10 15:53:21,66.1451,-65.7125,-11.2,84,75,2.3,broken clouds
558,Lompoc,US,2022-03-10 15:50:00,34.6391,-120.4579,53.78,85,0,15.01,clear sky
559,Constitucion,CL,2022-03-10 15:53:22,-35.3333,-72.4167,67.57,47,0,15.99,clear sky
560,Itarema,BR,2022-03-10 15:53:23,-2.9248,-39.9167,85.64,64,97,13.09,overcast clouds
561,Sandwick,GB,2022-03-10 15:53:23,60.0,-1.25,48.02,87,75,20.71,broken clouds
562,Inirida,CO,2022-03-10 15:53:24,3.8653,-67.9239,87.71,58,80,3.71,broken clouds
563,Bolshaya Dzhalga,RU,2022-03-10 15:53:24,45.9695,42.6966,35.44,48,95,6.22,overcast clouds
564,Mahanje,TZ,2022-03-10 15:53:25,-9.9333,35.3333,69.48,92,100,2.37,moderate rain
565,Devils Lake,US,2022-03-10 15:52:39,48.1128,-98.8651,4.95,72,0,19.57,clear sky
566,Huarmey,PE,2022-03-10 15:53:26,-10.0681,-78.1522,76.98,73,71,10.58,broken clouds
567,Beringovskiy,RU,2022-03-10 15:53:26,63.05,179.3167,2.75,85,7,14.41,clear sky
568,Malumfashi,NG,2022-03-10 15:53:27,11.7853,7.6218,97.48,8,64,12.55,broken clouds
569,Marienburg,PL,2022-03-10 15:53:27,54.0359,19.0266,38.88,43,7,6.78,clear sky
570,Maceio,BR,2022-03-10 15:53:28,-9.6658,-35.7353,81.84,74,75,18.41,broken clouds
571,Shache,CN,2022-03-10 15:53:28,38.4167,77.2406,56.86,16,77,6.85,broken clouds
572,Kyra,RU,2022-03-10 15:53:29,49.5776,111.9753,13.77,77,2,4.36,clear sky
573,Intipuca,SV,2022-03-10 15:53:30,13.1969,-88.0544,89.83,48,8,3.8,clear sky
574,Kulevcha,UA,2022-03-10 15:53:30,46.0303,29.9361,27.19,63,100,16.55,overcast clouds
575,The Valley,AI,2022-03-10 15:53:31,18.217,-63.0578,82.26,74,20,21.85,few clouds
576,Ayagoz,KZ,2022-03-10 15:53:31,47.9714,80.4392,12.02,97,90,5.84,overcast clouds
577,Katesh,TZ,2022-03-10 15:53:32,-4.5167,35.3833,65.39,78,91,3.51,light rain
578,Umm Kaddadah,SD,2022-03-10 15:53:32,13.6017,26.6876,92.98,9,83,15.05,broken clouds
579,Cairns,AU,2022-03-10 15:52:27,-16.9167,145.7667,82.35,80,40,6.91,scattered clouds
580,Akhtubinsk,RU,2022-03-10 15:53:33,48.2795,46.1722,30.33,90,61,8.88,broken clouds
581,Houma,US,2022-03-10 15:53:34,29.5958,-90.7195,61.0,81,98,8.01,overcast clouds
582,Pingliang,CN,2022-03-10 15:53:34,35.5392,106.6861,52.95,71,0,5.06,clear sky
583,Vaitape,PF,2022-03-10 15:53:35,-16.5167,-151.75,79.81,77,81,11.88,light rain
584,Tateyama,JP,2022-03-10 15:53:35,34.9833,139.8667,54.7,62,96,8.03,overcast clouds
585,Honningsvag,NO,2022-03-10 15:53:36,70.9821,25.9704,37.15,75,75,14.97,broken clouds
586,Karratha,AU,2022-03-10 15:53:37,-20.7377,116.8463,87.22,57,1,6.93,clear sky
587,Unity,CA,2022-03-10 15:54:37,52.4501,-109.1682,-1.75,77,77,20.51,broken clouds
588,Kulhudhuffushi,MV,2022-03-10 15:54:38,6.6221,73.07,82.89,71,8,8.43,clear sky
589,Ola,RU,2022-03-10 15:54:39,59.5833,151.2833,10.15,83,98,9.33,overcast clouds
590,Utete,TZ,2022-03-10 15:54:39,-7.986,38.758,80.11,76,95,7.2,overcast clouds
591,Thio,NC,2022-03-10 15:54:40,-21.6167,166.2167,73.36,83,60,5.03,broken clouds
592,Bhadrachalam,IN,2022-03-10 15:54:40,17.6667,80.8833,80.92,48,1,8.63,clear sky
593,Nanchong,CN,2022-03-10 15:54:41,30.7951,106.0847,70.34,55,25,2.82,scattered clouds
594,Peniche,PT,2022-03-10 15:54:41,39.3558,-9.3811,61.11,88,89,24.9,overcast clouds
595,Svetlyy,RU,2022-03-10 15:54:42,54.675,20.1347,35.65,42,17,7.9,few clouds
596,Souillac,MU,2022-03-10 15:54:42,-20.5167,57.5167,80.98,83,40,6.91,scattered clouds
597,Port Keats,AU,2022-03-10 15:54:43,-14.25,129.55,81.79,85,64,5.77,broken clouds
598,Phangnga,TH,2022-03-10 15:54:44,8.4509,98.5298,82.44,80,75,2.66,broken clouds
599,Oriximina,BR,2022-03-10 15:54:44,-1.7656,-55.8661,78.71,83,100,1.99,light rain
600,Chor,PK,2022-03-10 15:54:45,25.5167,69.7667,84.94,21,4,10.13,clear sky
601,Tahta,EG,2022-03-10 15:54:45,26.7693,31.5021,65.79,23,28,21.43,scattered clouds
602,Kapit,MY,2022-03-10 15:54:46,2.0167,112.9333,73.11,99,100,0.85,overcast clouds
603,Lazarev,RU,2022-03-10 15:54:47,52.225,141.5131,18.54,94,100,4.54,overcast clouds
604,Havoysund,NO,2022-03-10 15:54:47,70.9963,24.6622,37.63,84,88,41.16,light rain
605,Winnemucca,US,2022-03-10 15:54:48,40.973,-117.7357,23.09,43,5,2.8,clear sky
606,Manica,FR,2022-03-10 15:54:48,49.0,-1.1667,52.41,82,98,8.59,overcast clouds
607,Verkhnevilyuysk,RU,2022-03-10 15:54:49,63.4453,120.3167,-18.2,100,100,1.48,overcast clouds
608,Waingapu,ID,2022-03-10 15:54:49,-9.6567,120.2641,79.09,86,19,5.23,few clouds
609,Grindavik,IS,2022-03-10 15:54:50,63.8424,-22.4338,41.47,93,100,16.11,overcast clouds
610,Mianwali,PK,2022-03-10 15:54:50,32.5741,71.5264,70.05,36,35,3.15,scattered clouds
611,Biltine,TD,2022-03-10 15:54:51,14.5333,20.9167,99.79,8,3,15.03,clear sky
612,Saint-Georges,GD,2022-03-10 15:54:52,12.0564,-61.7485,85.68,66,40,23.02,scattered clouds
613,Kinkala,CG,2022-03-10 15:54:52,-4.3614,14.7644,77.97,86,91,6.58,moderate rain
614,Praia Da Vitoria,PT,2022-03-10 15:54:53,38.7333,-27.0667,61.05,72,40,22.15,scattered clouds
615,Vicuna,CL,2022-03-10 15:54:53,-30.0319,-70.7081,89.76,28,0,7.9,clear sky
616,Cerro De Pasco,PE,2022-03-10 15:54:54,-10.6833,-76.2667,45.46,68,100,5.28,overcast clouds
617,Leh,IN,2022-03-10 15:54:54,34.1667,77.5833,8.17,67,21,2.77,few clouds
618,Port Lincoln,AU,2022-03-10 15:54:55,-34.7333,135.8667,59.95,78,19,12.44,few clouds
619,Papillion,US,2022-03-10 15:54:55,41.1544,-96.0422,24.22,69,100,5.99,overcast clouds
620,Wadi Maliz,TN,2022-03-10 15:54:56,36.4681,8.5495,64.06,52,96,6.58,overcast clouds
621,Batticaloa,LK,2022-03-10 15:54:56,7.7102,81.6924,79.07,79,73,8.01,broken clouds
622,Oliveira Do Hospital,PT,2022-03-10 15:54:57,40.3618,-7.8601,60.22,51,99,7.05,overcast clouds
623,Nicoya,CR,2022-03-10 15:54:57,10.1483,-85.452,90.1,38,0,4.56,clear sky
624,Muros,ES,2022-03-10 15:54:58,42.7762,-9.0603,59.09,83,74,21.07,broken clouds
625,Conde,BR,2022-03-10 15:54:58,-7.2597,-34.9075,89.06,55,75,14.97,broken clouds
626,Sinazongwe,ZM,2022-03-10 15:54:59,-17.2614,27.4618,81.91,63,20,5.66,few clouds
627,Rio Grande,BR,2022-03-10 15:54:59,-32.035,-52.0986,80.71,88,100,9.44,overcast clouds
628,Tromso,NO,2022-03-10 15:55:00,69.6496,18.957,39.38,75,75,26.46,light rain
629,Morondava,MG,2022-03-10 15:55:01,-20.2833,44.2833,84.34,75,90,8.32,overcast clouds
630,Nelson Bay,AU,2022-03-10 15:55:02,-32.7167,152.15,70.0,89,96,7.09,light rain
631,Thongwa,MM,2022-03-10 15:55:03,16.7619,96.5278,84.36,55,21,8.25,few clouds
632,Nagapattinam,IN,2022-03-10 15:55:03,10.7667,79.8333,77.29,74,31,9.55,scattered clouds
633,Darnah,LY,2022-03-10 15:56:04,32.767,22.6367,53.46,60,69,26.73,broken clouds
634,Zandvoort,NL,2022-03-10 15:56:05,52.3749,4.5341,60.94,40,0,12.66,clear sky
635,Chumikan,RU,2022-03-10 15:56:05,54.7183,135.315,15.48,84,100,12.66,light snow
636,Karaton,ID,2022-03-10 15:56:06,-6.3424,106.1045,75.06,95,100,2.75,overcast clouds
637,Robertsport,LR,2022-03-10 15:56:06,6.7533,-11.3686,82.33,79,100,15.93,overcast clouds
638,Arawa,PG,2022-03-10 15:56:07,-6.2132,155.5367,75.79,91,90,1.88,overcast clouds
639,Kushmurun,KZ,2022-03-10 15:56:08,52.4503,64.6311,5.95,97,90,9.75,overcast clouds
640,Velizh,RU,2022-03-10 15:56:08,55.6056,31.1967,17.24,85,6,3.49,clear sky
641,Namtsy,RU,2022-03-10 15:56:09,62.7161,129.6658,-8.3,100,100,3.56,overcast clouds
642,Talara,PE,2022-03-10 15:56:09,-4.5772,-81.2719,84.96,54,0,14.97,clear sky
643,Honiara,SB,2022-03-10 15:56:10,-9.4333,159.95,77.99,87,95,0.58,overcast clouds
644,Ihosy,MG,2022-03-10 15:56:10,-22.4,46.1167,73.04,89,35,10.8,light rain
645,Jacareacanga,BR,2022-03-10 15:56:11,-6.2222,-57.7528,76.55,87,100,2.46,overcast clouds
646,Kamen-Rybolov,RU,2022-03-10 15:56:11,44.7481,132.0403,28.33,88,29,6.78,scattered clouds
647,Gamba,GA,2022-03-10 15:56:12,-2.65,10.0,82.38,74,100,10.11,overcast clouds
648,Juneau,US,2022-03-10 15:56:13,58.3019,-134.4197,35.22,95,100,4.63,overcast clouds
649,Bucarasica,CO,2022-03-10 15:56:13,8.041,-72.8654,68.9,66,41,4.12,scattered clouds
650,Vila Velha,BR,2022-03-10 15:56:14,-20.3297,-40.2925,78.75,83,20,4.61,moderate rain
651,Sola,VU,2022-03-10 15:56:14,-13.8833,167.55,82.42,72,97,6.51,overcast clouds
652,Leningradskiy,RU,2022-03-10 15:56:15,69.3833,178.4167,5.72,75,4,6.85,clear sky
